site,id,replicate,uniqueID,subspecies,node,date_flowered,avg_protandry,avg_herkogamy,avg_petal_area,lat,lon,ele
GC,620,A,GC-620-A,U,12,11/23,9,8.5,2.269,35.73038598,-118.431317,886.211792
GC,620,B,GC-620-B,U,7,11/14,5.5,4.5,1.8775,35.73038598,-118.431317,886.211792
GC,620,C,GC-620-C,U,14,12/2,7.5,2.5,2.6455,35.73038598,-118.431317,886.211792
GC,621,A,GC-621-A,U,10,11/23,6.5,9.75,1.8495,35.73034801,-118.431287,885.743347
GC,621,B,GC-621-B,U,13,11/24,8,8,1.553,35.73034801,-118.431287,885.743347
GC,621,C,GC-621-C,U,11,11/25,8,12.5,1.8045,35.73034801,-118.431287,885.743347
GC,622,A,GC-622-A,U,13,12/1,7.25,4.5,1.6415000000000002,35.730476,-118.431332,888.105225
GC,622,C,GC-622-C,U,12,11/24,10.25,7,2.4074999999999998,35.730476,-118.431332,888.105225
GC,623,A,GC-623-A,U,20,11/25,11,6,2.3175,35.73052201,-118.431318,887.073486
GC,623,B,GC-623-B,U,13,12/3,9.25,9,2.8455000000000004,35.73052201,-118.431318,887.073486
GC,623,C,GC-623-C,U,12,12/3,9.25,9,1.8170000000000002,35.73052201,-118.431318,887.073486
GC,625,A,GC-625-A,U,13,11/25,7,5.75,2.9219999999999997,35.73075403,-118.431233,883.802063
GC,625,B,GC-625-B,U,19,12/2,6.25,12.5,1.8435000000000001,35.73075403,-118.431233,883.802063
GC,625,C,GC-625-C,U,15,11/30,7,5.5,1.925,35.73075403,-118.431233,883.802063
GC,626,A,GC-626-A,U,11,11/24,4,3.5,1.653,35.730808,-118.431159,878.536377
GC,626,C,GC-626-C,U,8,11/20,4.25,7.25,1.588,35.730808,-118.431159,878.536377
GC,627,A,GC-627-A,U,7,11/19,7.5,7,2.05,35.730808,-118.43107,875.123901
GC,627,B,GC-627-B,U,10,11/20,8,5,1.6295,35.730808,-118.43107,875.123901
GC,627,C,GC-627-C,U,6,11/14,5.5,8,1.7309999999999999,35.730808,-118.43107,875.123901
GC,628,A,GC-628-A,U,11,11/21,7.5,6,1.899,35.73089501,-118.430954,867.077454
GC,628,B,GC-628-B,U,13,11/23,8,5,1.7625000000000002,35.73089501,-118.430954,867.077454
GC,628,C,GC-628-C,U,13,11/26,8.25,7,1.7309999999999999,35.73089501,-118.430954,867.077454
GC,629,A,GC-629-A,U,7,11/18,7,6,1.5445,35.73071798,-118.430996,867.04364
GC,629,B,GC-629-B,U,11,11/28,5,2,NA,35.73071798,-118.430996,867.04364
GC,629,C,GC-629-C,U,17,11/25,5.75,6.5,2.2445,35.73071798,-118.430996,867.04364
GC,630,A,GC-630-A,U,13,11/24,7,6.5,2.0244999999999997,35.73061899,-118.430994,868.953613
GC,630,B,GC-630-B,U,8,11/23,7.5,7.5,2.403,35.73061899,-118.430994,868.953613
GC,631,A,GC-631-A,U,13,11/26,6.5,5,2.3205,35.73056401,-118.431019,871.217529
GC,631,B,GC-631-B,U,17,12/5,7.75,9.5,2.8275,35.73056401,-118.431019,871.217529
GC,631,C,GC-631-C,U,13,12/3,8.25,9,2.45,35.73056401,-118.431019,871.217529
GC,632,C,GC-632-C,U,10,11/24,7.5,6.25,1.6665,35.73046602,-118.430998,872.34137
GC,633,A,GC-633-A,U,NA,11/30,7.5,8.5,2.278,35.730376,-118.431015,876.369995
GC,634,A,GC-634-A,U,12,12/2,10,8,2.84,35.73026402,-118.431036,877.998779
GC,636,A,GC-636-A,U,15,11/29,7.25,8.25,1.947,35.730204,-118.431163,883.357605
GC,636,B,GC-636-B,U,16,11/29,9,3.5,1.687,35.730204,-118.431163,883.357605
GC,637,A,GC-637-A,U,12,11/23,7,6,2.314,35.73018498,-118.430882,871.660278
GC,637,B,GC-637-B,U,16,12/1,7.25,8,2.4255,35.73018498,-118.430882,871.660278
GC,637,C,GC-637-C,U,18,12/6,8.75,4.5,2.6615,35.73018498,-118.430882,871.660278
GC,639,A,GC-639-A,U,9,11/23,10,5,2.3545,35.73005296,-118.430795,866.549316
GC,639,B,GC-639-B,U,13,11/25,9,4.5,1.8495,35.73005296,-118.430795,866.549316
GC,639,C,GC-639-C,U,16,11/28,8.75,5,1.9535,35.73005296,-118.430795,866.549316
GC,640,A,GC-640-A,U,11,11/21,7.75,8.25,1.7955,35.72996403,-118.430795,866.078735
GC,640,B,GC-640-B,U,12,11/22,6.5,9.5,2.038,35.72996403,-118.430795,866.078735
GC,640,C,GC-640-C,U,13,11/24,7.25,10.5,2.2485,35.72996403,-118.430795,866.078735
GC,641,A,GC-641-A,U,NA,NA,8.5,7.25,NA,35.73009797,-118.430626,860.322205
GC,641,B,GC-641-B,U,12,12/2,7.5,7.5,NA,35.73009797,-118.430626,860.322205
GC,641,C,GC-641-C,U,10,11/21,5.5,5.25,1.7625000000000002,35.73009797,-118.430626,860.322205
GC,642,A,GC-642-A,U,15,11/29,8.75,11.25,2.4535,35.73001198,-118.430559,856.606018
GC,642,B,GC-642-B,U,17,11/29,6.75,7.75,2.0055,35.73001198,-118.430559,856.606018
GC,642,C,GC-642-C,U,12,12/5,7,7,2.7365,35.73001198,-118.430559,856.606018
GC,643,A,GC-643-A,U,9,11/23,7.25,8.75,2.433,35.72993604,-118.430513,854.756592
GC,643,B,GC-643-B,U,11,11/22,6.75,4.5,NA,35.72993604,-118.430513,854.756592
GC,643,C,GC-643-C,U,7,11/17,6.5,7.25,1.6985000000000001,35.72993604,-118.430513,854.756592
GC,644,A,GC-644-A,U,11,11/20,4.25,4.5,1.6075,35.72985498,-118.430512,852.072144
GC,644,B,GC-644-B,U,NA,11/30,7,4,NA,35.72985498,-118.430512,852.072144
GC,644,C,GC-644-C,U,10,11/21,7.5,7.5,2.402,35.72985498,-118.430512,852.072144
GC,645,A,GC-645-A,U,11,11/21,7.5,5,1.89,35.72993302,-118.430364,848.603821
GC,645,B,GC-645-B,U,15,11/25,4.75,4,1.5194999999999999,35.72993302,-118.430364,848.603821
GC,645,C,GC-645-C,U,14,11/25,10,8.5,1.711,35.72993302,-118.430364,848.603821
GC,646,A,GC-646-A,U,13,11/25,6.75,3.5,1.8515,35.72989999,-118.430337,849.234985
GC,646,B,GC-646-B,U,11,11/20,5.5,4.5,1.6025,35.72989999,-118.430337,849.234985
GC,646,C,GC-646-C,U,15,11/30,13.75,8,1.8795000000000002,35.72989999,-118.430337,849.234985
GC,647,A,GC-647-A,U,8,11/26,5.75,8.5,2.108,35.72986202,-118.430278,846.053711
GC,647,B,GC-647-B,U,12,11/20,7.5,10,1.658,35.72986202,-118.430278,846.053711
GC,647,C,GC-647-C,U,9,11/15,4.75,6,1.8515000000000001,35.72986202,-118.430278,846.053711
GC,648,A,GC-648-A,U,9,11/22,10,9.5,2.69,35.72976697,-118.430195,842.014343
GC,648,B,GC-648-B,U,8,11/29,8.75,7,2.3935,35.72976697,-118.430195,842.014343
GC,648,C,GC-648-C,U,11,11/25,9.25,5,2.3825000000000003,35.72976697,-118.430195,842.014343
GC,649,A,GC-649-A,U,9,11/21,9.5,2.5,1.6935,35.72966798,-118.43017,841.450562
GC,649,B,GC-649-B,U,11,11/21,8.75,3.5,2.136,35.72966798,-118.43017,841.450562
GC,649,C,GC-649-C,U,10,11/16,5,5,1.68,35.72966798,-118.43017,841.450562
GC,650,A,GC-650-A,U,16,11/28,5.25,3.5,1.8345,35.72974602,-118.430122,841.478882
GC,650,B,GC-650-B,U,17,12/5,5.25,4.5,2.3129999999999997,35.72974602,-118.430122,841.478882
GC,650,C,GC-650-C,U,11,11/24,4.5,6.75,2.1340000000000003,35.72974602,-118.430122,841.478882
GC,651,A,GC-651-A,U,12,11/23,8,7.5,1.9865,35.72985398,-118.430121,840.676575
GC,651,B,GC-651-B,U,10,11/20,5.5,8.25,1.4275,35.72985398,-118.430121,840.676575
GC,651,C,GC-651-C,U,9,11/20,6.25,6.25,1.6175000000000002,35.72985398,-118.430121,840.676575
GC,652,A,GC-652-A,U,7,11/18,9.75,6.25,1.639,35.72996403,-118.430115,840.792175
GC,652,B,GC-652-B,U,12,11/27,8,8,2.3055000000000003,35.72996403,-118.430115,840.792175
GC,652,C,GC-652-C,U,11,11/28,8.25,6.25,2.283,35.72996403,-118.430115,840.792175
GC,653,A,GC-653-A,U,10,11/21,6.5,5.5,1.611,35.73005003,-118.43014,845.034912
GC,653,B,GC-653-B,U,12,11/19,8,8.5,1.742,35.73005003,-118.43014,845.034912
GC,653,C,GC-653-C,U,8,11/20,7.5,4,1.6495,35.73005003,-118.43014,845.034912
GC,654,A,GC-654-A,U,NA,11/30,6.25,6.5,2.0605,35.73017098,-118.430147,842.447205
GC,654,C,GC-654-C,U,12,11/30,6.75,8.5,1.8544999999999998,35.73017098,-118.430147,842.447205
GC,655,A,GC-655-A,U,12,11/23,9.25,7.25,2.496,35.73025103,-118.430173,841.91748
GC,655,B,GC-655-B,U,9,11/21,7.5,4,1.9455,35.73025103,-118.430173,841.91748
GC,655,C,GC-655-C,U,13,11/30,10,5.5,2.3175,35.73025103,-118.430173,841.91748
GC,656,A,GC-656-A,U,14,11/27,7.25,9.5,2.001,35.72977301,-118.429988,837.370667
GC,656,B,GC-656-B,U,12,11/30,7,7,2.6245000000000003,35.72977301,-118.429988,837.370667
GC,656,C,GC-656-C,U,14,11/26,6.5,5.5,2.3209999999999997,35.72977301,-118.429988,837.370667
GC,657,A,GC-657-A,U,11,11/24,7.75,10,2.5614999999999997,35.72979304,-118.429954,835.616089
GC,657,B,GC-657-B,U,15,11/25,8,6,2.0985,35.72979304,-118.429954,835.616089
GC,657,C,GC-657-C,U,12,11/24,10.25,8.5,2.4055,35.72979304,-118.429954,835.616089
GC,658,A,GC-658-A,U,11,11/22,8.25,4.75,1.799,35.72985699,-118.429918,835.812683
GC,658,B,GC-658-B,U,18,11/29,6.5,8,NA,35.72985699,-118.429918,835.812683
GC,658,C,GC-658-C,U,6,11/23,9.25,8,NA,35.72985699,-118.429918,835.812683
GC,659,A,GC-659-A,U,13,11/25,6,4.75,1.9665,35.72994903,-118.429853,835.813416
GC,659,B,GC-659-B,U,14,11/25,5.5,6.5,2.3865,35.72994903,-118.429853,835.813416
GC,659,C,GC-659-C,U,11,11/28,5.25,4,NA,35.72994903,-118.429853,835.813416
GC,660,B,GC-660-B,U,12,11/28,7.5,11,1.9055,35.73002698,-118.430045,835.41449
GC,660,C,GC-660-C,U,13,11/23,7.75,8.5,1.661,35.73002698,-118.430045,835.41449
GC,661,A,GC-661-A,U,9,11/22,9.75,9,2.148,35.73027198,-118.430044,836.143433
GC,661,C,GC-661-C,U,13,11/29,8.5,11,2.3735,35.73027198,-118.430044,836.143433
GC,662,A,GC-662-A,U,14,11/26,5,4.25,1.3955000000000002,35.73045203,-118.429797,834.512939
GC,662,B,GC-662-B,U,14,11/24,9.5,5,1.6869999999999998,35.73045203,-118.429797,834.512939
GC,662,C,GC-662-C,U,16,11/29,6,5,1.633,35.73045203,-118.429797,834.512939
GC,663,A,GC-663-A,U,NA,NA,0,0,0.209,35.73043099,-118.429777,834.832031
GC,663,B,GC-663-B,U,NA,NA,0,0,0.1735,35.73043099,-118.429777,834.832031
GC,663,C,GC-663-C,U,NA,NA,0,0,0.16749999999999998,35.73043099,-118.429777,834.832031
GC,664,A,GC-664-A,U,7,11/18,7,3.75,1.7735,35.73241004,-118.428662,825.338135
GC,664,B,GC-664-B,U,8,11/18,6.5,NA,1.6175,35.73241004,-118.428662,825.338135
GC,664,C,GC-664-C,U,16,11/25,4.75,6.5,1.8555,35.73241004,-118.428662,825.338135
GC,665,A,GC-665-A,U,13,11/27,6,3.5,NA,35.73220099,-118.428871,827.281128
GC,665,B,GC-665-B,U,19,12/5,10.25,7,2.52,35.73220099,-118.428871,827.281128
GC,665,C,GC-665-C,U,11,12/1,10.75,9.5,2.233,35.73220099,-118.428871,827.281128
GC,667,A,GC-667-A,U,9,11/22,3,0.5,NA,35.73185197,-118.428981,828.880554
GC,667,B,GC-667-B,U,13,11/21,3,0.5,0.622,35.73185197,-118.428981,828.880554
GC,667,C,GC-667-C,U,10,11/21,4.5,0.5,NA,35.73185197,-118.428981,828.880554
GC,669,A,GC-669-A,U,10,11/24,7.75,22821.75,2.216,35.73047499,-118.42972,831.221252
GC,669,C,GC-669-C,U,13,11/20,6,8,1.783,35.73047499,-118.42972,831.221252
GC,670,A,GC-670-A,U,9,11/17,5.75,6.5,1.583,35.730506,-118.429647,831.265747
GC,670,B,GC-670-B,U,11,11/21,7.25,5.5,1.9064999999999999,35.730506,-118.429647,831.265747
GC,670,C,GC-670-C,U,13,11/22,7.25,4,1.529,35.730506,-118.429647,831.265747
GC,671,A,GC-671-A,U,11,11/24,7,9,2.074,35.73057398,-118.429588,829.425049
GC,671,B,GC-671-B,U,9,11/20,7,6.5,1.394,35.73057398,-118.429588,829.425049
GC,672,A,GC-672-A,U,12,11/27,6.25,7,1.8765,35.73061396,-118.429709,832.749756
GC,672,B,GC-672-B,U,13,11/22,8,5,1.775,35.73061396,-118.429709,832.749756
GC,672,C,GC-672-C,U,12,11/23,7,7,1.2485,35.73061396,-118.429709,832.749756
GC,673,A,GC-673-A,U,13,11/30,7.25,3.5,1.5375,35.73061103,-118.429705,832.735535
GC,673,B,GC-673-B,U,12,11/21,6.75,2,1.8255,35.73061103,-118.429705,832.735535
GC,673,C,GC-673-C,U,20,12/4.5,9.25,7.5,1.487,35.73061103,-118.429705,832.735535
GC,675,A,GC-675-A,U,10,11/22,7,6,2.0585,35.73057499,-118.429681,831.367188
GC,675,B,GC-675-B,U,8,11/16,5.25,4,1.411,35.73057499,-118.429681,831.367188
GC,675,C,GC-675-C,U,9,11/15,3,4,1.1985000000000001,35.73057499,-118.429681,831.367188
GC,676,A,GC-676-A,U,9,11/19,4.75,2.5,1.4465,35.73058999,-118.429615,830.749207
GC,676,B,GC-676-B,U,NA,NA,6.75,4,NA,35.73058999,-118.429615,830.749207
GC,676,C,GC-676-C,U,7,11/19,5.5,7,1.663,35.73058999,-118.429615,830.749207
GC,677,A,GC-677-A,U,7,11/16,4.75,2,2.0305,35.73053903,-118.429625,828.719299
GC,677,B,GC-677-B,U,11,11/27,7.75,3.75,2.114,35.73053903,-118.429625,828.719299
GC,677,C,GC-677-C,U,11,11/22,8.25,10,NA,35.73053903,-118.429625,828.719299
GC,678,A,GC-678-A,U,15,11/17,0,0,0.2705,35.73052,-118.429567,828.306213
GC,678,B,GC-678-B,U,11,11/18,0.5,0.75,0.38649999999999995,35.73052,-118.429567,828.306213
GC,678,C,GC-678-C,U,14,11/19,0.5,0,0.416,35.73052,-118.429567,828.306213
GC,679,B,GC-679-B,U,18,11/21,0.25,0,0.314,35.730505,-118.429539,827.289062
GC,679,C,GC-679-C,U,19,11/20,1,0,0.271,35.730505,-118.429539,827.289062
GC,680,A,GC-680-A,U,12,11/23,4.5,2.5,1.338,35.73049402,-118.429604,824.907227
GC,680,B,GC-680-B,U,11,11/17,0,0,NA,35.73049402,-118.429604,824.907227
GC,680,C,GC-680-C,U,15,11/29,1,0,0.3695,35.73049402,-118.429604,824.907227
GC,681,A,GC-681-A,U,10,11/29,5.75,4,2.0575,35.73051003,-118.429568,827.069458
GC,681,B,GC-681-B,U,11,11/28,5.25,6,1.8425,35.73051003,-118.429568,827.069458
GC,681,C,GC-681-C,U,9,11/21,6.5,7.75,NA,35.73051003,-118.429568,827.069458
GC,682,A,GC-682-A,U,11,11/14,0,0.25,0.362,35.73051103,-118.429574,827.254456
GC,682,B,GC-682-B,U,13,11/17,0,0,0.38649999999999995,35.73051103,-118.429574,827.254456
GC,682,C,GC-682-C,U,9,11/23,2.5,0.5,0.35350000000000004,35.73051103,-118.429574,827.254456
GC,683,A,GC-683-A,U,11,11/11,0,0,0.393,35.73049796,-118.429549,827.355042
GC,683,B,GC-683-B,U,11,11/11,0,0,0.305,35.73049796,-118.429549,827.355042
GC,684,A,GC-684-A,U,16,11/22,1,0,0.377,35.730592,-118.429521,826.484375
GC,684,B,GC-684-B,U,13,11/19,0,0,0.368,35.730592,-118.429521,826.484375
GC,684,C,GC-684-C,U,11,11/17,0,0.75,0.3755,35.730592,-118.429521,826.484375
GC,685,A,GC-685-A,U,13,11/16,0.5,0,0.431,35.73052101,-118.429463,828.909851
GC,685,B,GC-685-B,U,12,11/17,0.5,0.25,0.34650000000000003,35.73052101,-118.429463,828.909851
GC,685,C,GC-685-C,U,12,11/16,5.5,0,0.4455,35.73052101,-118.429463,828.909851
GC,686,A,GC-686-A,U,12,11/21,7.75,5,1.8375,35.73054297,-118.429445,828.880737
GC,686,B,GC-686-B,U,NA,NA,7.5,9.25,1.8365,35.73054297,-118.429445,828.880737
GC,686,C,GC-686-C,U,16,11/23,6,5,1.9495,35.73054297,-118.429445,828.880737
GC,687,A,GC-687-A,U,10,11/21,7.5,8,2.6225,35.73058102,-118.429476,827.753967
GC,687,B,GC-687-B,U,7,11/19,4,4,1.4875,35.73058102,-118.429476,827.753967
GC,687,C,GC-687-C,U,10,11/22,7.5,8.25,1.9495,35.73058102,-118.429476,827.753967
GC,688,A,GC-688-A,U,10,12/2,10,10.5,2.8745000000000003,35.73057801,-118.429491,828.810974
GC,688,B,GC-688-B,U,NA,12/5,8,6.5,2.2135,35.73057801,-118.429491,828.810974
GC,688,C,GC-688-C,U,21,12/15,7,8.5,1.9,35.73057801,-118.429491,828.810974
GC,689,A,GC-689-A,U,12,11/14,0.5,0,0.34099999999999997,35.73057801,-118.429493,828.81018099999994
GC,689,B,GC-689-B,U,11,11/20,0.75,0.25,0.3415,35.73057801,-118.429493,828.81018099999994
GC,689,C,GC-689-C,U,17,11/21,1.5,0.25,0.35350000000000004,35.73057801,-118.429493,828.81018099999994
GC,690,A,GC-690-A,U,20,12/6,10,4.5,2.1035,35.73052797,-118.42943,828.097229
GC,690,B,GC-690-B,U,18,11/26,8.5,6,2.1734999999999998,35.73052797,-118.42943,828.097229
GC,690,C,GC-690-C,U,16,12/4,11.75,5,2.5715,35.73052797,-118.42943,828.097229
GC,691,A,GC-691-A,U,14,11/26,6.5,5,1.778,35.73052897,-118.429474,829.685059
GC,691,B,GC-691-B,U,11,11/22,7.5,6.75,1.836,35.73052897,-118.429474,829.685059
GC,691,C,GC-691-C,U,13,11/27,7.25,8.5,2.245,35.73052897,-118.429474,829.685059
GC,692,A,GC-692-A,U,8,11/14,2.5,0.5,1.0554999999999999,35.73054297,-118.42958900000001,830.073792
GC,692,B,GC-692-B,U,11,11/14,0,0.25,0.41000000000000003,35.73054297,-118.42958900000001,830.073792
GC,692,C,GC-692-C,U,10,11/13,0,0,0.383,35.73054297,-118.42958900000001,830.073792
GC,693,A,GC-693-A,U,11,11/14,0,0.25,0.346,35.73051497,-118.42961,828.759216
GC,693,B,GC-693-B,U,0,11/9,0,0,0.362,35.73051497,-118.42961,828.759216
GC,694,A,GC-694-A,U,12,11/20,0,0,0.29300000000000004,35.73051497,-118.429613,828.837585
GC,694,B,GC-694-B,U,14,11/19,0,0,0.2815,35.73051497,-118.429613,828.837585
GC,694,C,GC-694-C,U,20,11/18,0,0,0.3045,35.73051497,-118.429613,828.837585
GC,695,A,GC-695-A,U,12,11/21,0.75,2.25,NA,35.73052101,-118.429609,829.747498
GC,695,B,GC-695-B,U,14,11/21,0.5,1.5,0.392,35.73052101,-118.429609,829.747498
GC,695,C,GC-695-C,U,19,11/24,0.5,0.25,0.326,35.73052101,-118.429609,829.747498
GC,696,A,GC-696-A,U,13,11/18,1.5,0.25,0.361,35.73052403,-118.42959,830.13385
GC,696,B,GC-696-B,U,13,11/18,11,2,0.28600000000000003,35.73052403,-118.42959,830.13385
GC,696,C,GC-696-C,U,13,11/15,0,0,0.387,35.73052403,-118.42959,830.13385
GC,697,A,GC-697-A,U,15,11/15,0,0.25,0.221,35.73056401,-118.429542,828.208801
GC,697,B,GC-697-B,U,17,11/16,1,22806,0.1885,35.73056401,-118.429542,828.208801
GC,697,C,GC-697-C,U,14,11/16,0,0,0.257,35.73056401,-118.429542,828.208801
GC,698,A,GC-698-A,U,17,11/23,1.5,0,NA,35.73055998,-118.429578,830.448608
GC,698,B,GC-698-B,U,14,12/7,5,6.5,1.7185,35.73055998,-118.429578,830.448608
GC,698,C,GC-698-C,U,17,11/22,3,0,NA,35.73055998,-118.429578,830.448608
GC,699,A,GC-699-A,U,20,12/3,5,0.25,0.8385,35.73055102,-118.429537,828.155457
GC,699,B,GC-699-B,U,10,11/14,1.5,0,0.3225,35.73055102,-118.429537,828.155457
GC,699,C,GC-699-C,U,18,11/22,1.75,0.75,NA,35.73055102,-118.429537,828.155457
GC,700,A,GC-700-A,U,12,11/16,1,0,0.18,35.73057096,-118.429547,828.804199
GC,700,B,GC-700-B,U,15,11/19,1,0,0.383,35.73057096,-118.429547,828.804199
GC,700,C,GC-700-C,U,12,11/17,0,0,0.4335,35.73057096,-118.429547,828.804199
GC,701,A,GC-701-A,U,19,12/4,NA,NA,NA,35.73058597,-118.429552,828.569458
GC,701,B,GC-701-B,U,14,11/14,0,0,0.403,35.73058597,-118.429552,828.569458
GC,702,A,GC-702-A,U,12,11/17,2,1.25,0.8115,35.73061304,-118.429539,829.063904
GC,702,B,GC-702-B,U,15,11/18,1.5,0.5,1.0265,35.73061304,-118.429539,829.063904
GC,702,C,GC-702-C,U,15,11/20,0.5,0,0.3225,35.73061304,-118.429539,829.063904
GC,703,A,GC-703-A,U,17,11/22,0.25,0,0.27849999999999997,35.73060097,-118.429543,829.710266
GC,703,B,GC-703-B,U,16,11/21,0.5,0,0.2925,35.73060097,-118.429543,829.710266
GC,704,A,GC-704-A,U,17,11/19,0,0,0.3195,35.73055898,-118.429722,834.312805
GC,704,B,GC-704-B,U,17,11/17,5,0,0.247,35.73055898,-118.429722,834.312805
GC,704,C,GC-704-C,U,18,11/17,0,0,0.27049999999999996,35.73055898,-118.429722,834.312805
GC,705,B,GC-705-B,U,11,11/22,7.25,5.25,1.669,35.73067901,-118.429412,790.436523
GC,705,C,GC-705-C,U,10,11/21,8,3,1.4335,35.73067901,-118.429412,790.436523
GC,707,A,GC-707-A,U,7,11/18,6.75,5.5,1.85,35.73068404,-118.429426,796.54425
GC,707,B,GC-707-B,U,10,11/21,7.75,7.25,2.5575,35.73068404,-118.429426,796.54425
GC,707,C,GC-707-C,U,15,11/29,6.5,7.75,2.4605,35.73068404,-118.429426,796.54425
GC,708,A,GC-708-A,U,7,11/16,3.75,5.5,2.3289999999999997,35.73040098,-118.430067,796.891846
GC,708,B,GC-708-B,U,NA,11/30,7.75,7.5,2.725,35.73040098,-118.430067,796.891846
GC,708,C,GC-708-C,U,12,11/28,7,8.5,2.0225,35.73040098,-118.430067,796.891846
GC,709,A,GC-709-A,U,14,11/16,1,0,0.293,35.73042403,-118.42989,816.298462
GC,709,B,GC-709-B,U,8,11/13,0,0,0.3625,35.73042403,-118.42989,816.298462
GC,709,C,GC-709-C,U,10,11/13,0,0,0.3015,35.73042403,-118.42989,816.298462
GC,710,A,GC-710-A,U,NA,NA,7,5.75,2.7030000000000003,35.64578198,-118.374769,822.750366
GC,710,B,GC-710-B,U,NA,NA,6,5,3.1045,35.64578198,-118.374769,822.750366
GC,711,A,GC-711-A,U,7,11/18,7,8.5,1.597,35.73238104,-118.428775,820.567871
GC,711,B,GC-711-B,U,9,11/23,8.5,9,1.9875,35.73238104,-118.428775,820.567871
GC,711,C,GC-711-C,U,7,11/19,8,8.5,1.7075,35.73238104,-118.428775,820.567871
GC,713,A,GC-713-A,U,14,11/17,0.5,0,0.401,35.73036896,-118.429986,900.10791
GC,713,B,GC-713-B,U,12,11/14,0.25,0,0.3215,35.73036896,-118.429986,900.10791
GC,713,C,GC-713-C,U,13,11/18,3,1.5,0.8345,35.73036896,-118.429986,900.10791
GC,714,A,GC-714-A,U,15,11/23,1.5,0,0.7615000000000001,35.73039897,-118.429997,897.654907
GC,714,B,GC-714-B,U,8,11/20,0.5,1,0.9125,35.73039897,-118.429997,897.654907
GC,714,C,GC-714-C,U,16,11/24,0,0,0.2385,35.73039897,-118.429997,897.654907
S6,323,N,S6-323-N,X,31,12/18/21,8.5,6.25,0.8879999999999999,35.974629018455744,-118.486718,1186.268677
S6,271,N,S6-271-N,P,16,12/3/21,3,0.5,0.483,35.988982021808624,-118.480377,1178.671875
S6,272,N,S6-272-N,P,12,11/26/21,1,0,NA,35.98897699266672,-118.480322,1181.317871
S6,274,N,S6-274-N,P,11,11/30/21,1.5,0,0.5135,35.98888403736055,-118.480348,1179.268555
S6,275,N,S6-275-N,P,12,12/4/21,2,0.25,0.4425,35.988856041803956,-118.48035,1178.307251
S6,276,N,S6-276-N,P,10,11/29/21,2.5,0,0.5645,35.98886299878359,-118.480318,1181.463623
S6,278,N,S6-278-N,X,11,11/26/21,0,0,0.5055000000000001,35.988766020163894,-118.480324,1184.898315
S6,279,N,S6-279-N,P,13,11/22/21,2,0.5,0.716,35.98530001938343,-118.480285,1188.952148
S6,280,N,S6-280-N,P,12,11/25/21,1,0,0.6535,35.985286021605134,-118.480274,1189.736084
S6,282,N,S6-282-N,P,22,12/3/21,3.5,0.5,0.5714999999999999,35.98518703132868,-118.480373,1184.941528
S6,283,N,S6-283-N,P,10,11/17/21,1,0.75,0.6805,35.985162975266576,-118.480396,1183.942627
S6,284,N,S6-284-N,P,10,11/25/21,1.5,0,0.62,35.985116036608815,-118.480369,1185.07019
S6,285,N,S6-285-N,P,11,11/29/21,1,0.75,0.44299999999999995,35.985161969438195,-118.480397,1183.726685
S6,286,N,S6-286-N,P,16,11/27/21,1,1,0.5465,35.98504001274705,-118.480434,1185.815063
S6,287,N,S6-287-N,P,15,12/3/21,1,0,0.542,35.984985027462244,-118.480341,1187.616821
S6,289,N,S6-289-N,P,16,12/8/21,1.5,NA,0.3655,35.98096197,-118.482867,1167.739014
S6,291,N,S6-291-N,P,15,12/23/21,3,0.5,0.5755,35.98090999759734,-118.482802,1171.663574
S6,292,N,S6-292-N,P,17,12/1/21,2,0,NA,35.980931958183646,-118.482863,1171.883301
S6,293,N,S6-293-N,P,13,11/28/21,2.5,0,0.491,35.98008102737367,-118.483356,1176.370972
S6,296,N,S6-296-N,P,19,11/30/21,2,0,0.702,35.98001196049154,-118.483466,1173.775024
S6,297,N,S6-297-N,P,21,12/14/21,3.5,1,0.582,35.97998798824847,-118.483467,1173.167969
S6,299,N,S6-299-N,X,14,11/30/21,8,5.5,1.31,35.97685902379453,-118.485584,1180.791748
S6,301,N,S6-301-N,X,13,11/30/21,6,6,0.706,35.976862041279674,-118.485516,1185.313354
S6,303,N,S6-303-N,X,18,12/14/21,7,5,0.8045,35.97625301219523,-118.48629,1175.390991
S6,304,N,S6-304-N,P,20,12/7/21,6,3.75,0.815,35.976202972233295,-118.486273,1176.328491
S6,305,A,S6-305-A,X,25,12/20/21,7,5.25,1.1695,35.97605604,-118.486187,1181.827515
S6,305,C,S6-305-C,X,7,11/27/21,5,3.5,0.7455,35.97605604,-118.486187,1181.827515
S6,306,A,S6-306-A,X,17,12/3/21,8,7.5,1,35.97606198862195,-118.486127,1184.54834
S6,306,B,S6-306-B,X,13,12/2/21,9,3.5,0.9815,35.97606198862195,-118.486127,1184.54834
S6,306,C,S6-306-C,X,9,12/1/21,10,1,1.2225,35.97606198862195,-118.486127,1184.54834
S6,307,N,S6-307-N,X,16,11/30/21,8,4.25,0.989,35.97606500610709,-118.486059,1187.509644
S6,308,N,S6-308-N,P,19,12/4/21,4.5,4.25,0.8495,35.975986970588565,-118.486153,1187.120361
S6,309,A,S6-309-A,P,20,12/10/21,6.5,4.25,0.6085,35.97593299113214,-118.486144,1188.717041
S6,309,B,S6-309-B,P,24,12/10/21,7.5,7,0.6735,35.97593299113214,-118.486144,1188.717041
S6,310,N,S6-310-N,X,16,11/30/21,8,4.25,0.962,35.97513302229345,-118.486681,1179.069214
S6,312,N,S6-312-N,X,9,12/9/21,7.5,3.25,0.73,35.975063033401966,-118.486703,1181.212524
S6,313,N,S6-313-N,X,18,12/9/21,7,3.75,0.8274999999999999,35.97505498677492,-118.486688,1179.901489
S6,314,N,S6-314-N,X,20,12/7/21,7,4.75,1.0859999999999999,35.97504702396691,-118.486655,1182.519897
S6,315,N,S6-315-N,X,9,11/29/21,7.5,3.25,0.8745,35.975022967904806,-118.486645,1183.864502
S6,316,N,S6-316-N,X,12,11/28/21,9.5,3.5,1.0025,35.97502900287509,-118.486682,1182.58252
S6,317,N,S6-317-N,X,22,12/9/21,7,7.25,0.9355,35.974651984870434,-118.486818,1181.689209
S6,318,N,S6-318-N,X,24,12/24/21,7,5.75,NA,35.974653996527195,-118.486699,1186.216064
S6,319,N,S6-319-N,X,22,12/10/21,5,9.25,0.863,35.974651984870434,-118.486697,1186.442993
S6,320,N,S6-320-N,X,14,12/1/21,7,3.5,0.9790000000000001,35.974629018455744,-118.486632,1191.591064
S6,321,N,S6-321-N,X,12,11/30/21,7.5,4.25,0.819,35.974566992372274,-118.486622,1192.714233
S6,322,N,S6-322-N,X,15,12/8/21,8,2.5,0.8089999999999999,35.974547965452075,-118.486664,1190.869995
S6,324,N,S6-324-N,P,21,12/12/21,8,2.75,0.8374999999999999,35.974626,-118.486768,1183.79248
S6,326,N,S6-326-N,X,17,12/12/21,8.5,4.25,0.8295,35.97456196323037,-118.486857,1180.419434
S6,330,N,S6-330-N,X,11,12/11/21,8,6.25,0.644,35.973492013290524,-118.487,1185.389771
S6,331,N,S6-331-N,X,27,12/16/21,8.5,5.5,1.1635,35.97354297526181,-118.486978,1185.440186
S6,333,N,S6-333-N,X,9,12/3/21,9,3.25,NA,35.971749,-118.485892,1176.185303
S6,334,N,S6-334-N,X,14,12/13/21,8.5,0.5,0.905,35.97181496210396,-118.485867,1178.762939
S6,336,N,S6-336-N,X,14,12/7/21,7,5.5,0.623,35.971865,-118.485887,1182.079468
S6,337,N,S6-337-N,X,13,12/4/21,6,2,0.839,35.97191101871431,-118.485832,1183.911743
S6,338,N,S6-338-N,X,10,12/7/21,7,6.75,1.0619999999999998,35.97079798579216,-118.485235,1173.034546
S6,339,N,S6-339-N,X,9,11/17/21,6.5,6,1.0154999999999998,35.970804020762444,-118.485172,1173.473389
S6,340,N,S6-340-N,X,13,12/3/21,6,2.5,1.041,35.97082103602588,-118.485135,1173.984619
S6,341,N,S6-341-N,X,7,11/24/21,5,8.5,0.7945,35.970826987177134,-118.485158,1174.844116
S6,273,N,S6-273-N,X,10,11/21/21,1,0.5,0.65,35.98891203291714,-118.480306,1180.124512
SAW,79,N,SAW-79,P,20,12/21/19,0,0,NA,35.67817,-118.481264,997.476013
SAW,73,N,SAW-73,P,21,12/23/19,0,0,0.34945000000000004,35.678378,-118.48105,992.031738
SAW,84,N,SAW-84,P,15,12/23/19,0,0,NA,35.678267,-118.481019,996.275635
SAW,97,N,SAW-97,P,16,12/23/19,0,1,0.27320500000000003,35.678958,-118.47322,898.06842
SAW,85,N,SAW-85,P,17,12/24/19,0,0.5,0.27341,35.678269,-118.48101,996.122375
SAW,86,N,SAW-86,P,17,12/24/19,0,0,0.21640500000000001,35.678294,-118.481022,996.203857
SAW,83,N,SAW-83,P,12,12/24/19,0,0,0.15718,35.678286,-118.481081,996.754578
SAW,81,N,SAW-81,P,15,12/24/19,0,0.5,0.181985,35.678189,-118.481217,999.12439
SAW,75,N,SAW-75,P,19,12/24/19,0.5,0,0.337565,35.678354,-118.48113,994.004822
SAW,74,N,SAW-74,P,17,12/24/19,1,0.25,0.22062500000000002,35.678368,-118.481106,992.335632
SAW,77,N,SAW-77,P,18,12/25/19,0,0.5,0.30107,35.678334,-118.481174,994.087463
SAW,76,N,SAW-76,P,33,12/25/19,0,0.25,0.25609499999999996,35.678335,-118.481139,993.555664
SAW,98,N,SAW-98,P,26,12/26/19,0,1.5,0.254585,35.678931,-118.473133,894.502563
SAW,66,N,SAW-66,P,17,12/26/19,0.5,0.75,0.178635,35.6802,-118.473808,903.58252
SAW,69,N,SAW-69,P,18,12/26/19,0.5,0,NA,35.678397,-118.480953,989.459106
SAW,30,N,SAW-30,P,25,12/27/19,0,2,0.28881999999999997,35.68094,-118.473317,896.491089
SAW,31,N,SAW-31,P,21,12/27/19,0.5,0,0.172175,35.68096,-118.473313,895.432312
SAW,103,N,SAW-103,P,24,12/28/19,0,0,0.16149,35.679057,-118.473419,900.090637
SAW,107,N,SAW-107,P,27,12/29/19,0,0,NA,35.679014,-118.473596,903.411804
SAW,105,N,SAW-105,P,21,12/30/19,0,1.25,0.19342,35.67906,-118.473539,899.53479
SAW,37,N,SAW-37,P,21,12/30/19,0.5,1,0.215615,35.681005999999996,-118.473366,895.767761
SAW,65,N,SAW-65,P,29,12/30/19,1.5,0,0.19332,35.680211,-118.473791,903.30249
SAW,164,N,SAW-164,X,13,12/30/19,2,2.5,NA,35.6791,-118.474294,910.825073
SAW,36,N,SAW-36,P,21,12/31/19,0.5,0,0.18557,35.680956,-118.473367,896.292786
SAW,122,N,SAW-122,P,22,12/31/19,0.5,0,0.19440000000000002,35.67919,-118.473698,894.600037
SAW,67,N,SAW-67,P,23,12/31/19,1,0,0.25238,35.680188,-118.473737,900.388062
SAW,8,N,SAW-8,P,25,12/31/19,1,0.25,0.15363,35.680977,-118.473282,889.434204
SAW,24,N,SAW-24,P,22.5,12/31/19,1,1,0.15861,35.681007,-118.473603,901.385376
SAW,12,N,SAW-12,P,25,12/31/19,1,0,0.143735,35.681116,-118.473575,891.473022
SAW,113,N,SAW-113,P,20,1/1/20,0,0.5,0.170005,35.679024,-118.473642,903.277649
SAW,34,N,SAW-34,P,25,1/1/20,0.5,0,0.160025,35.680987,-118.473315,895.004822
SAW,123,N,SAW-123,P,16,1/1/20,0.5,1.5,0.22714,35.679121,-118.473657,896.574402
SAW,7,N,SAW-7,P,28,1/1/20,1,NA,NA,35.681027,-118.473337,888.803955
SAW,4,N,SAW-4,P,22,1/1/20,1,0.5,0.214785,35.681061,-118.473352,889.546387
SAW,6,N,SAW-6,P,27,1/2/20,0,0.25,0.13993499999999998,35.681033,-118.473341,888.97106900000006
SAW,104,N,SAW-104,P,23.5,1/2/20,1,1.25,0.16925,35.679055,-118.473363,897.689331
SAW,27,N,SAW-27,P,21,1/3/20,1,0,0.18362499999999998,35.680957,-118.47347,900.192017
SAW,117,N,SAW-117,X,19,1/3/20,1.5,3.5,1.43262,35.67911,-118.473866,901.66156
SAW,133,N,SAW-133,X,21,1/3/20,2,3.5,1.43586,35.679714,-118.474119,901.943665
SAW,163,N,SAW-163,X,19,1/3/20,2.5,4.5,1.9435949999999997,35.678887,-118.474097,913.943604
SAW,157,N,SAW-157,X,21,1/3/20,4,6,1.39147,35.679167,-118.474556,917.439209
SAW,94,N,SAW-94,P,27,1/4/20,0,0,0.14143,35.678976,-118.473298,900.584412
SAW,100,N,SAW-100,P,34,1/4/20,0,0,0.272845,35.678982,-118.473122,892.653809
SAW,139,N,SAW-139,X,25,1/4/20,1.5,4,1.558735,35.679937,-118.474009,904.363037
SAW,229,N,SAW-229,X,21,1/4/20,2,2.5,1.87262,35.679549,-118.474681,951.992188
SAW,233,N,SAW-233,X,26,1/4/20,2,4.5,1.5015800000000001,35.679913,-118.474762,954.968994
SAW,137,N,SAW-137,X,24,1/4/20,2.5,4,1.1850100000000001,35.67992,-118.473934,900.738831
SAW,138,N,SAW-138,X,20,1/4/20,3.5,4,1.513,35.679971,-118.473935,903.517029
SAW,150,N,SAW-150,X,17,1/4/20,4,4.5,1.55478,35.679681,-118.474492,918.112244
SAW,101,N,SAW-101,P,22,1/5/20,0.5,0,0.15842,35.678984,-118.473466,903.420471
SAW,35,N,SAW-35,P,29,1/5/20,1,0,0.15198,35.680971,-118.473379,895.913086
SAW,231,N,SAW-231,X,23,1/5/20,2.5,1,1.6028099999999998,35.679746,-118.474732,950.376465
SAW,1065,N,SAW-1065,X,19,1/5/20,2.5,5.25,1.124215,35.679787,-118.475222,960.122131
SAW,162,N,SAW-162,X,17,1/5/20,3.5,4,1.835195,35.678937,-118.47397,911.603577
SAW,90,N,SAW-90,P,27,1/6/20,0,0,0.18205,35.678883,-118.47329,904.06958
SAW,64,N,SAW-64,P,24,1/6/20,0.5,0.75,0.15195,35.680211,-118.473809,902.253418
SAW,124,N,SAW-124,X?,20,1/6/20,1.5,0.5,NA,35.679113,-118.473702,897.984802
SAW,114,N,SAW-114,X,22,1/6/20,2,7.5,1.268275,35.678969,-118.473658,906.508667
SAW,89,N,SAW-89,X,20.5,1/6/20,2.5,4,1.5549,35.678827,-118.473489,911.101074
SAW,165,N,SAW-165,X,17,1/6/20,3,5,1.4581,35.679116,-118.474352,911.745483
SAW,1067,N,SAW-1067,X,21,1/6/20,4,4.5,1.67926,35.679787,-118.475061,951.18518099999994
SAW,1063,N,SAW-1063,X,21,1/7/20,1,2.5,NA,35.679625,-118.475112,949.328552
SAW,93,N,SAW-93,X,17,1/7/20,3.5,7.5,NA,35.678912,-118.473308,902.522034
SAW,28,N,SAW-28,P,20,1/8/20,0.5,2,0.17942999999999998,35.680967,-118.473418,899.57373
SAW,134,N,SAW-134,X,18,1/8/20,1.5,4,1.629045,35.67979,-118.473949,899.090759
SAW,126,N,SAW-126,X,22.5,1/9/20,2,4.5,0.998415,35.679086,-118.473934,902.400818
SAW,132,N,SAW-132,X,27,1/9/20,2.5,3,1.2407750000000002,35.679583,-118.474067,900.952454
SAW,135,N,SAW-135,X,26,1/10/20,1,3,1.527245,35.679913,-118.473891,899.06781
SAW,140,N,SAW-140,X,18.5,1/10/20,2.5,5,1.2857750000000001,35.679904,-118.474074,907.674011
SAW,58,N,SAW-58,P,20,1/11/20,1,0,0.14250000000000002,35.680341,-118.473625,901.237854
SAW,147,N,SAW-147,X,21,1/11/20,1,6,2.147465,35.679844,-118.474388,916.772156
SAW,116,N,SAW-116,X,24,1/11/20,1.5,6,1.3986399999999999,35.679079,-118.47375,902.545105
SAW,152,N,SAW-152,X,22,1/11/20,2,5.5,1.205595,35.679543,-118.474374,916.350403
SAW,5,N,SAW-5,P,19.5,1/13/20,0,3.5,0.12847,35.681037,-118.473323,889.700989
SAW,1061,N,SAW-1061,X,21,1/13/20,2,6.5,1.136815,35.679592,-118.474957,944.183289
SAW,148,N,SAW-148,X,26,1/13/20,3,3,1.627775,35.679756,-118.474456,917.243042
SAW,130,N,SAW-130,X,18,1/13/20,4,5.5,1.9950350000000001,35.67937,-118.474202,903.017334
SAW,161,N,SAW-161,X,29.5,1/13/20,4,5,0.930315,35.678906,-118.473822,911.212708
SAW,228,N,SAW-228,X,21,1/13/20,4,5.5,1.987215,35.679449,-118.474655,952.552795
SAW,1062,N,SAW-1062,X,19,1/13/20,5,4.5,1.70021,35.679655,-118.475027,946.29303
SAW,155,N,SAW-155,X,20.5,1/13/20,6,6.5,1.5104199999999999,35.679237,-118.474556,916.071045
SAW,68,N,SAW-68,P,NA,1/14/20,0,0.5,NA,35.678406,-118.48093,988.397644
SAW,49,N,SAW-49,P,NA,1/14/20,0,0.5,NA,35.680467,-118.473923,917.652466
SAW,120,N,SAW-120,P,49,1/14/20,0,1,0.09801,35.679222,-118.473702,893.021301
SAW,115,N,SAW-115,P,22,1/14/20,0.5,1.5,0.237485,35.679016,-118.473663,904.515625
SAW,136,N,SAW-136,X,23,1/14/20,3,7,1.6477300000000001,35.679938,-118.473888,900.422058
SAW,112,N,SAW-112,X,20,1/14/20,3,4,1.3853,35.67889,-118.473563,907.240356
SAW,121,N,SAW-121,P,26,1/15/20,0,1.25,0.183835,35.679207,-118.473703,894.017456
SAW,111,N,SAW-111,X,27,1/15/20,2,4.5,1.655565,35.678962,-118.473589,906.115784
SAW,127,N,SAW-127,X,23,1/15/20,3.5,2,NA,35.679105,-118.473979,902.67749
SAW,48,N,SAW-48,P,35,1/16/20,0,0.5,0.22607,35.680458,-118.473913,917.128479
SAW,119,N,SAW-119,P,25,1/16/20,0,0,0.196635,35.679229,-118.473667,892.86853
SAW,29,N,SAW-29,P,21,1/16/20,0,0.75,0.100275,35.680916,-118.473304,896.162415
SAW,129,N,SAW-129,X,24,1/16/20,1,5,1.598395,35.67929,-118.474263,903.692688
SAW,234,N,SAW-234,X,22,1/16/20,2,0.5,1.097515,35.679962,-118.474787,956.112488
SAW,160,N,SAW-160,X,29,1/16/20,2,5,1.026305,35.678892,-118.473789,911.137817
SAW,118,N,SAW-118,X,22,1/16/20,5,1,1.396985,35.679104,-118.473966,902.945251
SAW,158,N,SAW-158,X,21,1/17/20,2.5,0.5,1.2661600000000002,35.678851,-118.473799,913.517761
SAW,232,N,SAW-232,X,21,1/17/20,3,2,1.7517200000000002,35.679875,-118.474792,955.812073
SAW,153,N,SAW-153,X,21,1/18/20,1.5,4,1.355725,35.679491,-118.474501,919.446655
SAW,226,N,SAW-226,X,21.5,1/18/20,2.5,5,1.3977300000000001,35.67923,-118.474627,946.015259
SAW,128,N,SAW-128,X,24,1/18/20,2.5,4.5,0.7990349999999999,35.679204,-118.474076,902.829651
SAW,146,N,SAW-146,X,24,1/18/20,3,3,NA,35.679748,-118.474301,913.004333
SAW,108,N,SAW-108,X,26,1/19/20,2.5,4.75,1.21059,35.678993,-118.473563,903.160889
SAW,145,N,SAW-145,X,25,1/19/20,4,6,NA,35.67983,-118.474296,913.267334
SAW,1064,N,SAW-1064,X,35,1/20/20,3.5,5.25,0.646185,35.679695,-118.475199,957.809692
SAW,1069,N,SAW-1069,X,24,1/21/20,4,4,0.95043,35.679674,-118.474921,945.498901
SAW,149,N,SAW-149,X,13,1/23/20,1,3,1.51689,35.679754,-118.474526,919.109131
SAW,125,N,SAW-125,X,21.5,1/26/20,3,3.5,1.09403,35.679073,-118.473754,901.350586
SAW,131,N,SAW-131,X,16,2/1/20,1.5,0.75,1.18607,35.679531,-118.473959,901.44812
S22,181,N,S22-181,P,12,2/25/20,0,0,0.1965,35.834563,-118.452476,942.409851
S22,1008,N,S22-1008,P,8,2/25/20,0,0,0.23049999999999998,35.834007,-118.452785,956.509521
S22,1007,N,S22-1007,P,19,2/25/20,0,0,0.3285,35.833987,-118.452829,957.70929
S22,1060,N,S22-1060,P,11,2/25/20,0,0,0.26649999999999996,35.835328,-118.452279,910.207947
S22,1005,N,S22-1005,P,8,2/26/20,0,1,0.2485,35.833995,-118.45279,959.278259
S22,1006,N,S22-1006,P,11,2/28/20,0,0,0.20600000000000002,35.834002,-118.452817,959.662109
S22,1011,N,S22-1011,P,15,3/1/20,0,0.75,0.318,35.834091,-118.452597,966.467346
S22,1058,N,S22-1058,P,8,3/2/20,0,0,0.198,35.835216,-118.452328,912.971985
S22,1059,N,S22-1059,P,8,3/2/20,0,0,0.41700000000000004,35.8351,-118.452458,911.648376
SM,251,N,SM-251,P,19,3/2/20,0,0,0.226,35.604903,-118.413984,1060.966553
S22,1017,N,S22-1017,P,18,3/2/20,0.5,1,0.32,35.833919,-118.452579,974.624023
S22,1004,N,S22-1004,P,14,3/2/20,1,2.5,0.2475,35.834132,-118.45266,951.565063
SM,1083,N,SM-1083,P,23,3/3/20,0,0,0.235,35.605341,-118.413836,1052.538208
S22,1009,N,S22-1009,P,9,3/4/20,0,0,0.2275,35.834086,-118.452588,965.351318
SM,1081,N,SM-1081,P,21,3/4/20,0,0.25,0.368,35.605568,-118.413864,1051.307861
SM,1088,N,SM-1088,P,15,3/4/20,0,0,0.3195,35.604681,-118.41438,1068.023804
S22,1018,N,S22-1018,P,16,3/5/20,0,0.5,0.395,35.833919,-118.452564,970.305847
SM,238,N,SM-238,P,17,3/5/20,0,0.5,0.3165,35.606051,-118.413665,1041.371704
SM,252,N,SM-252,P,16,3/5/20,0,0,0.256,35.604657,-118.414424,1066.249634
SM,257,N,SM-257,P,25,3/5/20,0,0.5,0.2575,35.604458,-118.41471,1071.758057
SM,277,N,SM-277,P,14,3/5/20,0,0,0.3745,35.603878,-118.416233,1104.322266
SM,1072,N,SM-1072,P,19,3/5/20,0,0.25,0.29000000000000004,35.606114,-118.41374,1037.416138
SM,1077,N,SM-1077,P,18,3/5/20,0,0,0.36350000000000005,35.605793,-118.413737,1043.667114
SM,1084,N,SM-1084,P,17,3/5/20,0,0,0.241,35.604938,-118.413896,1062.650024
SM,1076,N,SM-1076,P,18,3/5/20,0,0.75,0.3305,35.605923,-118.413775,1041.41333
S22,1003,N,S22-1003,P,18,3/5/20,0,0.75,0.2375,35.834216,-118.452697,949.877686
SM,250,N,SM-250,P,13,3/5/20,1,0,0.235,35.604873,-118.413956,1060.729248
S22,172,N,S22-172,P,16,3/5/20,1.5,0.25,0.247,35.834437,-118.452485,943.817932
S22,188,N,S22-188,X,15,3/5/20,4,5.5,1.3864999999999998,35.835132,-118.451918,948.805725
SM,247,N,SM-247,P,17,3/7/20,0,0,0.3035,35.605365,-118.413823,1051.34729
SM,274,N,SM-274,P,22,3/7/20,0,0,0.2395,35.603883,-118.415943,1100.534302
SM,1079,N,SM-1079,P,19,3/7/20,0,0,0.29,35.605703,-118.413747,1045.475098
SM,1090,N,SM-1090,P,20,3/7/20,0,0.25,0.34299999999999997,35.604605,-118.414657,1068.537964
SM,245,N,SM-245,P,20,3/7/20,0,0.25,0.3535,35.605653,-118.413826,1050.003906
SM,1075,N,SM-1075,P,21,3/7/20,0,1,0.2595,35.605916,-118.413761,1041.036987
SM,270,N,SM-270,P,17,3/7/20,0,1.5,0.40049999999999997,35.603989,-118.415311,1090.06958
SM,242,N,SM-242,P,18,3/7/20,0.5,0.5,0.287,35.605898,-118.413711,1043.295898
S22,1049,N,S22-1049,X,16,3/7/20,5,6,2.232,35.836928,-118.450937,955.81481900000006
SM,243,N,SM-243,P,20,3/8/20,0,0.25,0.2665,35.605824,-118.413697,1045.474731
S22,169,N,S22-169,P,13,3/8/20,0,0.75,0.3075,35.834471,-118.452524,941.225403
SM,246,N,SM-246,P,19,3/8/20,0,1,0.2815,35.605557,-118.413797,1048.777222
SM,268,N,SM-268,P,10,3/8/20,0,2.5,0.224,35.60401,-118.415286,1088.205811
S22,1016,N,S22-1016,P,16,3/8/20,0.5,1.5,0.40349999999999997,35.833922,-118.452573,974.497314
SM,1071,N,SM-1071,P,17,3/8/20,1,0,0.3425,35.606299,-118.413619,1037.064209
SM,239,N,SM-239,P,14,3/8/20,1,1,0.3865,35.606093,-118.413695,1041.921387
S22,1045,N,S22-1045,X,10,3/8/20,6,5.5,1.373,35.835942,-118.450843,971.730408
SM,249,N,SM-249,P,15,3/9/20,0,0.25,0.176,35.604953,-118.413972,1059.299927
SM,1093,N,SM-1093,P,20,3/9/20,0,0,0.3695,35.604471,-118.414764,1067.192139
SM,1117,N,SM-1117,X,22.5,3/9/20,0,1.25,0.325,35.603852,-118.416671,1114.587769
SM,1078,N,SM-1078,P,17,3/9/20,0,2.5,0.32899999999999996,35.605777,-118.413747,1044.505493
SM,1098,N,SM-1098,P,19,3/9/20,0.5,1.5,0.2825,35.604317,-118.414783,1077.469482
S22,198,N,S22-198,X,6,3/9/20,4.5,3.5,1.6265,35.83538,-118.451847,945.81366
S22,1046,N,S22-1046,X,14,3/9/20,4.5,4.5,1.686,35.836138,-118.450863,968.822144
S22,1040,N,S22-1040,X,11,3/9/20,5,4,1.9745,35.835362,-118.451656,960.409302
S22,185,N,S22-185,X,15,3/9/20,5.5,5,1.6320000000000001,35.834857,-118.452119,949.321899
S22,1042,N,S22-1042,X,16,3/9/20,6.5,10,1.52,35.83541,-118.451566,964.521973
S22,1057,N,S22-1057,P,8,3/10/20,0,1.25,0.311,35.835232,-118.452359,914.461731
S22,191,N,S22-191,X,8,3/10/20,3.5,2.5,1.2025000000000001,35.835207,-118.451841,950.271057
S22,1047,N,S22-1047,X,7,3/10/20,3.5,3.5,1.5305,35.836737,-118.450948,956.635925
S22,1030,N,S22-1030,X,16,3/10/20,6,6.5,2.3615,35.834491,-118.452057,972.069458
S22,193,N,S22-193,X,13.5,3/10/20,6,4,1.7525,35.835282,-118.451763,950.053894
SM,244,N,SM-244,P,17,3/11/20,0,1,0.3205,35.605664,-118.413771,1049.003296
S22,214,N,S22-214,X,8,3/11/20,2,2.5,1.2645,35.837369,-118.450823,948.998657
S22,208,N,S22-208,X,7,3/11/20,4,4,1.8955,35.835396,-118.451865,943.930786
S22,180,N,S22-180,X,11,3/11/20,5.5,4.5,1.6025,35.834534,-118.45222,956.72106900000006
S22,1044,N,S22-1044,X,9.5,3/11/20,6,6,1.601,35.835882,-118.450867,973.543091
S22,1010,N,S22-1010,P,8,3/12/20,0.5,1,0.1845,35.834099,-118.452607,966.680603
SM,1111,N,SM-1111,X,16,3/12/20,0.5,0.5,0.2505,35.60388,-118.415923,1102.343018
SM,263,N,SM-263,P,16,3/12/20,1.5,0.5,0.35050000000000003,35.604196,-118.414838,1079.893555
S22,201,N,S22-201,X,9,3/12/20,3.5,7.5,2.1790000000000003,35.835318,-118.45194,938.992249
SM,260,N,SM-260,P,15,3/13/20,0.5,1.25,0.3245,35.604312,-118.414768,1074.720215
SM,1113,N,SM-1113,P,13,3/13/20,0.5,2,0.2455,35.603867,-118.415943,1102.963989
SM,1091,N,SM-1091,P,16,3/13/20,1,0,0.6074999999999999,35.604494,-118.414733,1069.449951
SM,1112,N,SM-1112,P,12,3/13/20,1,1.5,0.384,35.603858,-118.415913,1104.063965
SM,1092,N,SM-1092,P,21,3/13/20,1,1,0.34199999999999997,35.604501,-118.414711,1069.315063
S22,1015,N,S22-1015,P,17,3/14/20,0.5,1,0.33399999999999996,35.833943,-118.452546,978.94165
S22,167,N,S22-167,P,18,3/14/20,1,0,0.2005,35.834479,-118.452582,939.223267
SM,258,N,SM-258,P,20,3/14/20,1,0.75,0.46,35.604345,-118.414787,1074.183105
SM,1082,N,SM-1082,P,16,3/14/20,2,0,0.45399999999999996,35.605474,-118.413931,1050.686523
S22,222,N,S22-222,X,11,3/14/20,4,5,1.642,35.840153,-118.450459,937.551941
S22,189,N,S22-189,X,11,3/14/20,4,6.5,1.5525,35.835159,-118.451876,951.02533
S22,187,N,S22-187,X,11,3/14/20,4.5,3.5,1.724,35.835119,-118.451981,948.613464
SM,254,N,SM-254,P,14,3/15/20,0,0.25,0.33499999999999996,35.604595,-118.41465,1069.30896
S22,174,N,S22-174,P,16,3/15/20,1.5,0,0.32999999999999996,35.83442,-118.452494,944.896484
S22,175,N,S22-175,X,13,3/15/20,5,4.5,1.782,35.834187,-118.452327,965.500977
S22,221,N,S22-221,X,14,3/15/20,5.5,8,1.6059999999999999,35.840371,-118.450249,936.941895
S22,1055,N,S22-1055,X,18,3/16/20,4.5,7.5,NA,35.839269,-118.450636,944.255371
SM,1121,N,SM-1121,X,12,3/16/20,5.5,6,1.4849999999999999,35.603803,-118.417037,1119.902466
SM,283,N,SM-283,X,19,3/16/20,6,2,0.8055,35.603736,-118.416783,1118.748779
SM,1134,N,SM-1134,X,14,3/16/20,6,3,1.616,35.604285,-118.417955,1152.605347
S22,1013,N,S22-1013,P,21,3/17/20,1,0,0.236,35.834047,-118.452501,964.997986
S22,171,N,S22-171,P,19,3/17/20,1.5,0,0.5235000000000001,35.834429,-118.452506,943.575317
S22,1026,N,S22-1026,X,12,3/17/20,6,5.5,1.6179999999999999,35.834127,-118.45238,970.142456
SM,271,N,SM-271,P,6,3/18/20,0,0,0.252,35.603996,-118.415282,1089.685669
SM,275,N,SM-275,P,6,3/18/20,0,1.5,0.23149999999999998,35.603887,-118.416236,1103.969116
S22,168,N,S22-168,P,16,3/18/20,1,0.5,0.419,35.834476,-118.45259,939.429077
SM,1118,N,SM-1118,X,20,3/18/20,5,7,0.7250000000000001,35.603874,-118.416653,1114.366943
S22,1014,N,S22-1014,P,16,3/19/20,0.5,0,0.21250000000000002,35.83398,-118.452506,969.077332
S22,166,N,S22-166,P,18,3/19/20,1,1,0.291,35.834453,-118.452552,939.328491
S22,1036,N,S22-1036,X,9,3/19/20,3.5,6,1.9954999999999998,35.834635,-118.452383,950.308716
S22,1039,N,S22-1039,X,20,3/19/20,6.5,8,1.525,35.834994,-118.452038,946.524292
S22,200,N,S22-200,X,17,3/19/20,8,4.5,1.7945000000000002,35.835341,-118.451956,938.996155
S22,1035,N,S22-1035,X,11,3/20/20,4,5.5,1.8385,35.834654,-118.452394,947.18042
S22,1023,N,S22-1023,X?,16,3/20/20,4.5,4.5,2.0195,35.833911,-118.452475,977.279236
S22,1048,N,S22-1048,X,18,3/20/20,6,3.5,1.8515,35.836795,-118.450959,958.733093
SM,1133,N,SM-1133,X,14,3/20/20,6.5,4,1.16,35.604589,-118.418586,1178.720093
S22,182,N,S22-182,P,NA,3/21/20,0,0.5,NA,35.834541,-118.452438,943.443481
SM,1089,N,SM-1089,P,19.5,3/22/20,2,1,0.2915,35.604609,-118.414649,1070.618774
S22,206,N,S22-206,X,14,3/22/20,3.5,4,1.49,35.835493,-118.451895,938.984619
SM,1123,N,SM-1123,X,13,3/22/20,6,4,1.4295,35.603794,-118.417365,1128.143555
S22,218,N,S22-218,X,13,3/22/20,6.5,6,1.6280000000000001,35.83733,-118.450699,953.43811
SM,1127,N,SM-1127,X,16,3/22/20,7,6.5,1.537,35.604822,-118.418507,1173.060059
S22,184,N,S22-184,X,19,3/23/20,4,6,2.0140000000000002,35.834904,-118.452097,949.346436
SM,1132,N,SM-1132,X,14,3/23/20,5,2.5,1.14,35.604716,-118.418656,1180.525513
S22,216,N,S22-216,X,22,3/23/20,7,6.5,1.7565,35.83736,-118.450839,949.776855
S22,197,N,S22-197,X,15,3/23/20,7,9.5,1.809,35.835409,-118.4518,947.293762
S22,1002,N,S22-1002,P,9,3/24/20,0,1.25,0.15849999999999997,35.834568,-118.452677,929.083008
S22,179,N,S22-179,X,20,3/24/20,4,6.5,2.2425,35.834262,-118.452162,969.713928
SM,285,N,SM-285,X,18,3/24/20,4.5,7,1.2215,35.604327,-118.417553,1133.02478
S22,1027,N,S22-1027,X,22.5,3/24/20,6,8,2.4924999999999997,35.834147,-118.452379,968.870117
S22,1022,N,S22-1022,X,18,3/24/20,6,9.5,2.0475,35.833779,-118.452559,983.596924
SM,1125,N,SM-1125,X,13,3/24/20,6.5,2.5,1.5474999999999999,35.60489,-118.418387,1166.720581
S22,1029,N,S22-1029,X,22,3/25/20,3.5,5.5,2.382,35.834285,-118.452186,973.262573
S22,1050,N,S22-1050,X,23,3/25/20,5.5,4.5,2.059,35.837127,-118.450773,957.642578
S22,199,N,S22-199,X,22,3/25/20,6,9,2.1475,35.835314,-118.451865,943.820374
S22,178,N,S22-178,X,13,3/25/20,NA,NA,2.029,35.834196,-118.452181,971.433167
S22,1012,N,S22-1012,P,9,3/26/20,0,0,0.148,35.834092,-118.45259,967.151978
S22,220,N,S22-220,X,11,3/26/20,5,5.5,2.0545,35.840297,-118.450239,939.150269
S22,203,N,S22-203,X,16,3/26/20,6,4,2.393,35.835298,-118.451936,938.702393
S22,205,N,S22-205,X,14,3/26/20,6,6,1.9795,35.835463,-118.451891,940.328308
SM,1130,N,SM-1130,X,19,3/26/20,8.5,4,1.2985,35.604964,-118.418791,1185.277588
SM,280,N,SM-280,X,12,3/27/20,3.5,2,1.6179999999999999,35.603761,-118.416717,1117.417236
S22,204,N,S22-204,X,18,3/27/20,4.5,4,1.9295,35.835404,-118.451911,939.176819
S22,1038,N,S22-1038,X,13,3/27/20,5,3,1.569,35.834929,-118.452152,943.972168
S22,202,N,S22-202,X,14,3/27/20,5.5,6,2.1375,35.835321,-118.451972,938.319641
S22,1032,N,S22-1032,X,12,3/27/20,6,7.5,2.1335,35.834631,-118.452033,968.601807
S22,1028,N,S22-1028,X,19,3/27/20,7,6,1.7930000000000001,35.834248,-118.452184,973.886108
S22,1054,N,S22-1054,X,14,3/27/20,9,4,1.6019999999999999,35.839012,-118.450711,943.455933
S22,1031,N,S22-1031,X,19,3/27/20,10,8,1.6855,35.834565,-118.452039,966.843018
S22,196,N,S22-196,X,16,3/28/20,3.5,6,1.549,35.835352,-118.451807,948.692383
S22,225,N,S22-225,X,19,3/28/20,5.5,5.5,2.0265,35.840509,-118.450287,933.992249
S22,1051,N,S22-1051,X,15,3/28/20,6.5,8,2.4095,35.837322,-118.450634,956.781433
SM,1103,N,SM-1103,X,16,3/28/20,7.5,5,1.9289999999999998,35.604067,-118.414979,1087.369263
S22,176,N,S22-176,X,18,3/28/20,8.5,4.5,1.8495,35.834222,-118.45225,968.835022
S22,224,N,S22-224,X,16,3/28/20,NA,NA,1.529,35.839874,-118.450526,938.654541
SM,1105,N,SM-1105,X,19,3/29/20,4.5,1.5,1.744,35.60404,-118.41518,1086.695068
SM,1122,N,SM-1122,X,16,3/29/20,6,5,1.088,35.603798,-118.417192,1126.624878
S22,212,N,S22-212,X,17,3/29/20,6,6,2.1675,35.835668,-118.451782,939.624695
S22,1053,N,S22-1053,X,22,3/29/20,6,10,2.3064999999999998,35.83883,-118.450672,946.968933
S22,211,N,S22-211,X,24,3/29/20,9,3,1.6945000000000001,35.835651,-118.451776,942.272095
S22,1041,N,S22-1041,X,22,3/30/20,4.5,6,2.02,35.835398,-118.451591,963.28302
S22,210,N,S22-210,X,20,3/30/20,6.5,5.5,1.834,35.835552,-118.451807,942.397217
S22,190,N,S22-190,X,15,3/31/20,2.5,8,1.68,35.835231,-118.451869,951.259277
SM,282,N,SM-282,X,17,3/31/20,4.5,4,1.3645,35.603746,-118.41678,1117.365845
SM,288,N,SM-288,X,21,3/31/20,6,7.5,1.6415,35.604217,-118.417381,1129.183105
S22,192,N,S22-192,X,20,3/31/20,7,9,1.823,35.835264,-118.451816,950.285828
S22,1020,N,S22-1020,X,16,3/31/20,7.5,6,1.8235000000000001,35.833759,-118.452662,971.429871
S22,1020,N,S22-1020,X,16,3/31/20,7.5,6,1.8235000000000001,35.83374,-118.452666,970.293579
S22,1043,N,S22-1043,X,18,3/31/20,7.5,7,2.5425,35.835738,-118.45113,967.289917
S22,195,N,S22-195,X,15,4/1/20,5,3,2.162,35.835346,-118.451792,949.366455
S22,215,N,S22-215,X,16,4/1/20,5,3.5,1.6335,35.83735,-118.450826,950.143372
SM,1131,N,SM-1131,X,11,4/1/20,5,4,1.3935,35.605045,-118.418838,1187.874268
S22,223,N,S22-223,X,19,4/1/20,5,5,2.0145,35.839952,-118.450418,938.647766
S22,1025,N,S22-1025,X,16,4/1/20,12,8,1.7745,35.834153,-118.452379,967.341492
SM,1106,N,SM-1106,X,15,4/1/20,13.5,7.5,1.79,35.604021,-118.415234,1084.680054
S22,186,N,S22-186,X,15,4/2/20,6,5,2.2750000000000004,35.834849,-118.45212,949.53356900000006
S22,1037,N,S22-1037,X,19.5,4/3/20,5,4,0.976,35.834721,-118.452301,947.317444
S22,217,N,S22-217,X,17,4/3/20,5,5.5,1.5825,35.837353,-118.450712,953.250427
S22,207,N,S22-207,X,14,4/4/20,12.5,6.5,2.2664999999999997,35.835366,-118.451866,944.736572
S22,209,N,S22-209,X,11,4/6/20,4,2.5,1.7245,35.835498,-118.451868,938.830078
S22,177,N,S22-177,X,18,4/6/20,8.5,6,2.0545,35.834208,-118.452188,971.238708
S22,1033,N,S22-1033,X,12,4/8/20,5.5,4,1.407,35.834723,-118.452058,961.418518
S22,194,N,S22-194,X,16,4/9/20,4.5,5,1.631,35.835306,-118.451775,949.718384
SM,284,N,SM-284,X,18,4/9/20,5,1.5,1.6139999999999999,35.603737,-118.416748,1118.999756
SM,278,N,SM-278,X,13,4/15/20,4,0.75,1.332,35.603791,-118.416748,1114.693604
SM,1126,N,SM-1126,X,18,5/1/20,5,3.5,1.655,35.604865,-118.418491,1169.012329
SM,281,N,SM-281,X,19,5/4/20,3.5,6.5,1.684,35.603761,-118.416756,1116.211548
