probCluster1,probCluster2,probCluster3,probCluster4,cluster,site,id,replicate,subspecies,date_flowered_std,avg_protandry,avg_herkogamy,mean_petal_area_sq_cm
0.02763593289166562,0.9723640671083343,4.990609997652723e-44,0,2,GC,620,A,U,15,9,8.5,2.269
0.9946366294107422,0.0053633705891695605,8.82852928395671e-14,0,1,GC,620,B,U,6,5.5,4.5,1.8775
2.639369633190274e-4,0.9997360630366809,6.223901702458287e-17,0,2,GC,620,C,U,24,7.5,2.5,2.6455
0.7184586051060485,0.2815413948939514,1.0360776893271772e-50,0,1,GC,621,A,U,15,6.5,9.75,1.8495
0.8544752463647518,0.14552475363524814,9.30516985695366e-34,0,1,GC,621,B,U,16,8,8,1.553
0.11508145099256895,0.884918549007431,2.3315411685873333e-81,0,2,GC,621,C,U,17,8,12.5,1.8045
0.672615707089755,0.3273842929101645,8.034973315159696e-14,0,1,GC,622,A,U,23,7.25,4.5,1.6415000000000002
0.0030993459255447943,0.9969006540744552,2.1333567933943236e-34,0,2,GC,622,C,U,16,10.25,7,2.4075
0.004612920197998802,0.9953870798020011,2.693102507761729e-27,0,2,GC,623,A,U,17,11,6,2.3175
1.2846788262852182e-7,0.9999998715321173,3.205399693312242e-57,0,2,GC,623,B,U,25,9.25,9,2.8455000000000004
0.009881759663458885,0.9901182403365412,1.892678136354453e-46,0,2,GC,623,C,U,25,9.25,9,1.817
2.8550633793125674e-5,0.9999714493662069,2.2867056804086463e-31,0,2,GC,625,A,U,17,7,5.75,2.9219999999999997
0.01650372715871183,0.9834962728412882,1.384607638546475e-82,0,2,GC,625,B,U,24,6.25,12.5,1.8435
0.3875684966229479,0.6124315033770522,9.870880712659818e-21,0,2,GC,625,C,U,22,7,5.5,1.925
0.9960393491168195,0.0039606116740495455,3.920913084909516e-8,0,1,GC,626,A,U,16,4,3.5,1.653
0.9944092693816519,0.005590730618348135,6.654957143045148e-27,0,1,GC,626,C,U,12,4.25,7.25,1.588
0.7703296678949175,0.22967033210508245,1.0783671549559493e-29,0,1,GC,627,A,U,11,7.5,7,2.05
0.9797438948454825,0.020256105154514505,3.035817541957229e-15,0,1,GC,627,B,U,12,8,5,1.6295
0.9890260383376557,0.010973961662344258,8.068137355471214e-34,0,1,GC,627,C,U,6,5.5,8,1.731
0.9094072739447757,0.09059272605522425,1.7896313018576167e-22,0,1,GC,628,A,U,13,7.5,6,1.899
0.9306466827386891,0.06935331726131067,2.0684217911220258e-16,0,1,GC,628,B,U,15,8,5,1.7625000000000002
0.6793860305628243,0.32061396943717574,4.560408492039125e-28,0,1,GC,628,C,U,18,8.25,7,1.731
0.9916456395010644,0.008354360498935592,1.2922773768017292e-19,0,1,GC,629,A,U,10,7,6,1.5445
0.9882186096383696,0.008997266287283678,0.002784124074346796,1.964993818392457e-178,1,GC,629,B,U,20,5,2,1.415
0.3119628900021206,0.6880371099978793,6.580743148197627e-28,0,2,GC,629,C,U,17,5.75,6.5,2.2445
0.6767533814659843,0.32324661853401565,1.5725704788106283e-26,0,1,GC,630,A,U,16,7,6.5,2.0244999999999997
0.031837477041925265,0.9681625229580748,6.3739458365936925e-37,0,2,GC,630,B,U,15,7.5,7.5,2.403
0.9425293986109649,0.0574706013890352,2.9534993645038766e-35,0,1,GC,630,C,U,11,6.5,8,1.843
0.1493766234818019,0.8506233765181982,1.0528335668675493e-20,0,2,GC,631,A,U,18,6.5,5,2.3205
1.3740905281483488e-7,0.9999998625909472,9.90793131675025e-62,0,2,GC,631,B,U,27,7.75,9.5,2.8275
8.372640277775289e-5,0.9999162735972221,1.7748127562364214e-52,0,2,GC,631,C,U,25,8.25,9,2.45
0.928337904732372,0.07166209526762804,1.7904949236457161e-22,0,1,GC,632,C,U,16,7.5,6.25,1.6665
0.005841131433965251,0.9941588685660349,3.8659844465897906e-45,0,2,GC,633,A,U,22,7.5,8.5,2.278
2.0306794088693288e-7,0.999999796932059,1.4079734070479915e-48,0,2,GC,634,A,U,24,10,8,2.84
0.1755567630948489,0.824443236905151,1.884023831824331e-39,0,2,GC,636,A,U,21,7.25,8.25,1.947
0.6286920039906682,0.3713079957751712,2.3416050593352075e-10,0,1,GC,636,B,U,21,9,3.5,1.687
0.06531955028410867,0.9346804497158914,8.70642967933631e-35,0,2,GC,636,C,U,22,8,7.5,2.016
0.19532105408565856,0.8046789459143415,9.017713499675597e-26,0,2,GC,637,A,U,15,7,6,2.314
0.0010617684484574143,0.9989382315515427,9.510715379361102e-43,0,2,GC,637,B,U,23,7.25,8,2.4255
4.314265830956693e-6,0.9999956857341691,8.791398090741003e-26,0,2,GC,637,C,U,28,8.75,4.5,2.6615
0.021919247618708292,0.9780807523812918,1.0604999003549822e-21,0,2,GC,639,A,U,15,10,5,2.3545
0.7162131608563136,0.2837868391436809,5.367805081494806e-15,0,1,GC,639,B,U,17,9,4.5,1.8495
0.3013652862686049,0.698634713731395,1.49703095966422e-18,0,2,GC,639,C,U,20,8.75,5,1.9535
0.8456816667462865,0.1543183332537135,2.6383241681440497e-37,0,1,GC,640,A,U,13,7.75,8.25,1.7955
0.5159140351038362,0.4840859648961639,1.0215580794874969e-49,0,1,GC,640,B,U,14,6.5,9.5,2.038
0.032126033862418545,0.9678739661375814,3.076484419026569e-62,0,2,GC,640,C,U,16,7.25,10.5,2.2485
4.041497648547626e-7,0.9999995958502351,5.3709401020755837e-45,0,2,GC,641,B,U,24,7.5,7.5,2.932
0.9897554932940825,0.010244506705917401,7.441680859962855e-17,0,1,GC,641,C,U,13,5.5,5.25,1.7625000000000002
1.1174733654328499e-4,0.9998882526634567,3.1110927172702707e-74,0,2,GC,642,A,U,21,8.75,11.25,2.4535
0.19786407901280398,0.8021359209871961,8.376805895043048e-36,0,2,GC,642,B,U,21,6.75,7.75,2.0055
3.2873946433267597e-6,0.9999967126053567,7.852353865478655e-40,0,2,GC,642,C,U,27,7,7,2.7365
0.014620459539525536,0.9853795404604745,3.2335275658602483e-47,0,2,GC,643,A,U,15,7.25,8.75,2.433
0.6444014292456403,0.3555985707543597,5.12360431090183e-17,0,1,GC,643,B,U,14,6.75,4.5,2.2175
0.9847891556180302,0.015210844381969848,1.4280754363933881e-28,0,1,GC,643,C,U,9,6.5,7.25,1.6985
0.9980978647970822,0.0019021351866087778,1.6309216085482595e-11,0,1,GC,644,A,U,12,4.25,4.5,1.6075
5.555405998398731e-4,0.99944445940016,5.381417709732604e-21,0,2,GC,644,B,U,22,7,4,2.6506666666666665
0.05279273271960965,0.9472072672803903,1.4051683452580983e-36,0,2,GC,644,C,U,13,7.5,7.5,2.402
0.9407937683996694,0.05920623160033052,4.054321326418611e-17,0,1,GC,645,A,U,13,7.5,5,1.89
0.9940406822795713,0.005959315632583392,2.0878452858704736e-9,0,1,GC,645,B,U,17,4.75,4,1.5195
0.2709253729883403,0.7290746270116597,2.2887189739995512e-39,0,2,GC,645,C,U,17,10,8.5,1.711
0.9477370962188094,0.05226290370927117,7.191943505541382e-11,0,1,GC,646,A,U,17,6.75,3.5,1.8515
0.9967050017861581,0.0032949982098583143,3.983541642114819e-12,0,1,GC,646,B,U,12,5.5,4.5,1.6025
4.5909123871473153e-4,0.9995409087612852,6.562614213301935e-38,0,2,GC,646,C,U,22,13.75,8,1.8795
0.3085323424745145,0.6914676575254856,1.208423814598999e-41,0,2,GC,647,A,U,18,5.75,8.5,2.108
0.857887885737847,0.14211211426215298,1.0411556763223204e-51,0,1,GC,647,B,U,12,7.5,10,1.658
0.9938007393612014,0.006199260638798647,7.718135973633401e-21,0,1,GC,647,C,U,7,4.75,6,1.8515
4.7422614064178725e-5,0.9999525773859359,1.377881496713788e-57,0,2,GC,648,A,U,14,10,9.5,2.69
0.0020755656589443792,0.9979244343410556,5.177607934177526e-35,0,2,GC,648,B,U,21,8.75,7,2.3935
0.016724792600056923,0.9832752073999431,3.279404879283479e-22,0,2,GC,648,C,U,17,9.25,5,2.3825000000000003
0.9561915663180637,0.043807696617130625,7.370648057342363e-7,0,1,GC,649,A,U,13,9.5,2.5,1.6935
0.6285721936467648,0.37142780635256556,6.697398514945708e-13,0,1,GC,649,B,U,13,8.75,3.5,2.136
0.9977868109034951,0.0022131890964887284,1.6103925920923578e-14,0,1,GC,649,C,U,8,5,5,1.68
0.937251367794421,0.06274863199739603,2.081829875760471e-10,0,1,GC,650,A,U,20,5.25,3.5,1.8345
0.006126660304837389,0.9938733396951627,6.341980191009502e-20,0,2,GC,650,B,U,27,5.25,4.5,2.3129999999999997
0.7422128211960113,0.2577871788039887,8.621893706728296e-28,0,1,GC,650,C,U,16,4.5,6.75,2.1340000000000003
0.5442037364119467,0.45579626358805336,3.183811069669136e-33,0,1,GC,651,A,U,15,8,7.5,1.9865
0.9887319090168775,0.01126809098312246,8.278644135576286e-34,0,1,GC,651,B,U,12,5.5,8.25,1.4275
0.9896295520704753,0.010370447929524705,1.5057322902641772e-21,0,1,GC,651,C,U,12,6.25,6.25,1.6175000000000002
0.9066505982630212,0.0933494017369789,6.493121891295623e-22,0,1,GC,652,A,U,10,9.75,6.25,1.639
0.013938367007036288,0.9860616329929637,8.752661062392572e-41,0,2,GC,652,B,U,19,8,8,2.3055000000000003
0.021628779941509094,0.978371220058491,1.6773991664512326e-28,0,2,GC,652,C,U,20,8.25,6.25,2.283
0.9892749326743117,0.010725067325688247,2.1306746177564045e-17,0,1,GC,653,A,U,13,6.5,5.5,1.611
0.888030624865426,0.11196937513457396,7.65037490855264e-39,0,1,GC,653,B,U,11,8,8.5,1.742
0.9893970107484685,0.010602989202668495,4.886291109140367e-11,0,1,GC,653,C,U,12,7.5,4,1.6495
0.19649839561597265,0.8035016043840274,1.7534107619081377e-27,0,2,GC,654,A,U,22,6.25,6.5,2.0605
1.3093648944339904e-4,0.9998690635105566,2.0412607436860902e-24,0,2,GC,654,B,U,28,10,5,2.287
0.22870034213151397,0.7712996578684861,1.0747983473613419e-40,0,2,GC,654,C,U,22,6.75,8.5,1.8545
0.0030755815538151604,0.9969244184461848,1.0455340976243281e-36,0,2,GC,655,A,U,15,9.25,7.25,2.496
0.9413609061755728,0.058639093824090036,3.3707530328203833e-13,0,1,GC,655,B,U,13,7.5,4,1.9455
0.0020078004827840455,0.9979921995172161,1.7085565434017353e-25,0,2,GC,655,C,U,22,10,5.5,2.3175
0.14887530630457646,0.8511246936954237,1.6654233473675756e-50,0,2,GC,656,A,U,19,7.25,9.5,2.001
2.407792742554131e-4,0.9997592207257445,4.5714694744587996e-37,0,2,GC,656,B,U,22,7,7,2.6245000000000003
0.12538194527317406,0.874618054726826,2.673147880288497e-23,0,2,GC,656,C,U,18,6.5,5.5,2.3209999999999997
7.85860933069483e-4,0.9992141390669305,1.1168748828128994e-60,0,2,GC,657,A,U,16,7.75,10,2.5614999999999997
0.3417348253599928,0.6582651746400072,1.677967607015067e-24,0,2,GC,657,B,U,17,8,6,2.0985
0.001557999393272013,0.998442000606728,6.249613263739443e-46,0,2,GC,657,C,U,16,10.25,8.5,2.4055
0.930426121112976,0.06957387888702224,1.850220999410809e-15,0,1,GC,658,A,U,14,8.25,4.75,1.799
0.0036974255710512213,0.9963025744289489,5.817110453820336e-42,0,2,GC,658,B,U,21,6.5,8,2.4383333333333335
0.3160047565888183,0.6839952434111818,6.170578845496867e-37,0,2,GC,658,C,U,15,9.25,8,1.947
0.896036147531776,0.10396385246822393,2.4057714930739746e-16,0,1,GC,659,A,U,17,6,4.75,1.9665
0.10052946266647851,0.8994705373335216,4.091327539480544e-29,0,2,GC,659,B,U,17,5.5,6.5,2.3865
0.9741852859218406,0.02581471378604306,2.921163130447518e-10,0,1,GC,659,C,U,20,5.25,4,1.572
0.07661343596743218,0.9233865640325678,3.3042865426930606e-65,0,2,GC,660,B,U,20,7.5,11,1.9055
0.8404189961004128,0.15958100389958726,1.7429504379489743e-38,0,1,GC,660,C,U,15,7.75,8.5,1.661
0.046404617486696706,0.9535953825133032,3.5966103869512236e-47,0,2,GC,661,A,U,14,9.75,9,2.148
4.0601113139870665e-4,0.9995939888686014,1.5798936641437355e-70,0,2,GC,661,C,U,21,8.5,11,2.3735
0.9914839431881509,0.008516055491498422,1.3203506662709858e-9,0,1,GC,662,A,U,18,5,4.25,1.3955000000000002
0.8068487514873945,0.19315124851260493,5.977577213713513e-16,0,1,GC,662,B,U,16,9.5,5,1.6869999999999998
0.9049537902146155,0.09504620978538236,2.017293928068514e-15,0,1,GC,662,C,U,21,6,5,1.633
0.9917351768253804,0.008264823092466712,8.215290267845658e-11,0,1,GC,664,A,U,10,7,3.75,1.7735
0.9414680975531444,0.05853190244685568,1.8173706721695783e-24,0,1,GC,664,C,U,17,4.75,6.5,1.8555
0.8280168365226034,0.17198316347039072,7.005928442090726e-12,0,1,GC,665,A,U,19,6,3.5,2.009
5.364481150349288e-6,0.9999946355188497,1.6435232678937764e-38,0,2,GC,665,B,U,27,10.25,7,2.52
2.2638095177252726e-4,0.9997736190482276,7.935444237852477e-55,0,2,GC,665,C,U,23,10.75,9.5,2.233
4.58526796927004e-10,7.428133136693267e-12,0.999999999479352,5.469307582826063e-11,3,GC,667,A,U,14,3,0.5,0.474
1.255504054824534e-8,4.703344933070074e-11,0.9999999873979207,5.28279642901487e-15,3,GC,667,B,U,13,3,0.5,0.622
1.0857296596614616e-7,7.318596222374064e-10,0.9999998906951744,2.1350994956467495e-24,3,GC,667,C,U,13,4.5,0.5,0.614
0.009753079673011512,0.9902469203269885,5.0407927928530276e-85,0,2,GC,669,A,U,16,7.75,12.5,2.216
0.6497431183955027,0.35025688160449725,3.977324118357017e-49,0,1,GC,669,B,U,14,6.5,9.5,1.963
0.9613927461206438,0.03860725387935609,1.0125931904996206e-34,0,1,GC,669,C,U,12,6,8,1.783
0.9952114202230863,0.004788579776913741,1.7775744827601957e-22,0,1,GC,670,A,U,9,5.75,6.5,1.583
0.9330241860498284,0.06697581395017166,1.0417986802399446e-19,0,1,GC,670,B,U,13,7.25,5.5,1.9065
0.9900357181247617,0.009964281540510916,3.347272395146215e-10,0,1,GC,670,C,U,14,7.25,4,1.529
0.3013350584642504,0.6986649415357495,6.095652054175735e-46,0,2,GC,671,A,U,16,7,9,2.074
0.988503618147968,0.011496381852031893,1.4780800019941504e-21,0,1,GC,671,B,U,12,7,6.5,1.394
0.9643673234517391,0.03563267654826092,1.9894074505850753e-22,0,1,GC,671,C,U,16,6,6.25,1.715
0.7199905653559462,0.2800094346440538,9.306323268557771e-29,0,1,GC,672,A,U,19,6.25,7,1.8765
0.9430172509268057,0.05698274907319419,1.9597394091058903e-16,0,1,GC,672,B,U,14,8,5,1.775
0.9709533477514727,0.029046652248527316,8.40873961908475e-24,0,1,GC,672,C,U,15,7,7,1.2485
0.8654442675525467,0.13455572778280217,4.664651269547031e-9,0,1,GC,673,A,U,22,7.25,3.5,1.5375
0.9905462262442863,0.009452360918107904,1.41283760577124e-6,7.760675354675527e-264,1,GC,673,B,U,13,6.75,2,1.8255
0.028986058696537607,0.9710139413034623,1.1481615147255323e-31,0,2,GC,673,C,U,26.5,9.25,7.5,1.487
0.7779552739657254,0.2220447260342746,1.4724783936600873e-23,0,1,GC,675,A,U,14,7,6,2.0585
0.9991194113233456,8.805611901994256e-4,2.748645513188733e-8,0,1,GC,675,B,U,8,5.25,4,1.411
0.9996102230986722,3.451913947263443e-4,4.4585506601483244e-5,0,1,GC,675,C,U,7,3,4,1.1985
0.9986320473809059,6.788391063787338e-4,6.891135127153091e-4,5.065450993766097e-229,1,GC,676,A,U,11,4.75,2.5,1.4465
0.990715030462557,0.009284969537442834,2.4521406125898326e-26,0,1,GC,676,C,U,11,5.5,7,1.663
0.9945055006804551,0.005493802634884383,6.966846605561398e-7,4.333030829887705e-283,1,GC,677,A,U,8,4.75,2,2.0305
0.3851397841243136,0.6148602158756494,3.7033186770880426e-14,0,2,GC,677,B,U,19,7.75,3.75,2.114
0.7271728232336032,0.27282717676639673,1.484433065805407e-51,0,1,GC,677,C,U,14,8.25,10,1.6023333333333332
1.3703540697395081e-18,3.7764438202962065e-20,8.633767188296361e-4,0.9991366232811704,4,GC,678,A,U,9,0,0,0.2705
1.7595941384947192e-13,1.9891944737776398e-15,0.9999999960263699,3.97345211936902e-9,3,GC,678,B,U,10,0.5,0.75,0.3864999999999999
9.116324120579945e-16,7.62658299410061e-18,0.0033206707408811025,0.9966793292591181,4,GC,678,C,U,11,0.5,0,0.416
1.772846675251654e-17,6.27127010106263e-19,0.0011522937850777235,0.9988477062149221,4,GC,679,B,U,13,0.25,0,0.314
1.3060442631961385e-16,6.271360952875392e-18,0.004072262382563784,0.995927737617436,4,GC,679,C,U,12,1,0,0.271
0.9944793161478357,0.0014013883066175768,0.004119295545546632,1.6866024328646609e-212,1,GC,680,A,U,15,4.5,2.5,1.338
1.2098781951085011e-17,1.2531990727826257e-19,8.10251451851836e-4,0.9991897485481481,4,GC,680,B,U,9,0,0,0.3616666666666667
1.7739611205529318e-14,5.419369874342915e-15,0.013632796659598921,0.9863672033403779,4,GC,680,C,U,21,1,0,0.3695
0.5823542333253426,0.41764576667462056,3.673874192715998e-14,0,1,GC,681,A,U,21,5.75,4,2.0575
0.8469944298752087,0.15300557012479135,7.396640662274649e-22,0,1,GC,681,B,U,20,5.25,6,1.8425
0.8956568010587839,0.1043431989412161,6.84756304915007e-34,0,1,GC,681,C,U,13,6.5,7.75,1.902
4.4654393778724835e-17,3.7285909013756685e-19,0.004282990348220096,0.99571700965178,4,GC,682,A,U,6,0,0.25,0.362
3.2362015963752334e-17,2.6078590688700305e-19,0.001186540415430792,0.9988134595845691,4,GC,682,B,U,9,0,0,0.3864999999999999
1.132606882335592e-11,6.779066836672172e-13,0.99999977572865,2.242593460772997e-7,3,GC,682,C,U,15,2.5,0.5,0.35350000000000004
4.930376447451173e-18,2.740401365729927e-20,3.077534840767397e-4,0.9996922465159234,4,GC,683,A,U,3,0,0,0.393
2.7442721163793617e-19,3.802212593291469e-21,1.4665652043662934e-4,0.99985334347956345,4,GC,683,B,U,3,0,0,0.305
6.482510977186929e-19,5.438301744253764e-21,1.0440171731188585e-4,0.999895598282688,4,GC,683,C,U,1,0,0,0.3625
3.768681394281779e-15,9.310953504892628e-17,0.006674334498588946,0.9933256655014071,4,GC,684,A,U,14,1,0,0.377
2.9458243854209146e-17,3.8961839135567137e-19,0.0013160216334566648,0.9986839783665433,4,GC,684,B,U,11,0,0,0.368
3.095599812282719e-14,3.331533599427154e-16,0.9999999943661793,5.6337893469110305e-9,3,GC,684,C,U,9,0,0.75,0.3755
7.469717387592867e-16,3.5392435837975215e-18,0.0027555522642246275,0.9972444477357747,4,GC,685,A,U,8,0.5,0,0.431
2.73072857520275e-16,3.567772953785288e-18,0.006955626380308797,0.993044373619691,4,GC,685,B,U,9,0.5,0.25,0.34650000000000003
3.1567895877198484e-9,5.39895246996782e-11,0.9999999967892208,1.0922854598928867e-23,3,GC,685,C,U,8,5.5,0,0.4455
0.9479002102566696,0.05209978974333038,8.687308874967535e-17,0,1,GC,686,A,U,13,7.75,5,1.8375
0.9424238595969713,0.05757614040302859,2.971573425812705e-17,0,1,GC,686,C,U,15,6,5,1.9495
0.0025520596449537165,0.9974479403550464,8.316777309772239e-43,0,2,GC,687,A,U,13,7.5,8,2.6225
0.9991210531259592,8.789236035389083e-4,2.3270501879662655e-8,0,1,GC,687,B,U,11,4,4,1.4875
0.6694045523835479,0.33059544761645193,1.73555769420451e-38,0,1,GC,687,C,U,14,7.5,8.25,1.9495
3.0943306174727365e-8,0.999999969056694,5.492452999913873e-72,0,2,GC,688,A,U,24,10,10.5,2.8745000000000003
0.001415380742228704,0.9985846192577713,2.7705780415069437e-31,0,2,GC,688,B,U,27,8,6.5,2.2135
9.834219565271896e-6,0.9999901657804349,1.384294154475865e-46,0,2,GC,688,C,U,37,7,8.5,1.9
7.802769398990235e-18,7.78240322985823e-20,3.2119887320481295e-4,0.9996788011267953,4,GC,689,A,U,6,0.5,0,0.34099999999999997
1.6883990356404225e-15,3.9085433697054584e-17,0.01746184600579204,0.9825381539942062,4,GC,689,B,U,12,0.75,0.25,0.3415
2.376866318344517e-13,6.591265332873339e-15,0.26352359557292826,0.7364764044268276,4,GC,689,C,U,13,1.5,0.25,0.35350000000000004
9.014016957971831e-4,0.9990985983042028,3.381629203924022e-20,0,2,GC,690,A,U,28,10,4.5,2.1035
0.11441444975437268,0.8855855502456272,1.581791714204011e-25,0,2,GC,690,B,U,18,8.5,6,2.1735
2.4784914636175642e-6,0.9999975215085365,5.5527593041991364e-27,0,2,GC,690,C,U,26,11.75,5,2.5715
0.9278418896319626,0.07215811036803717,1.9770824218369854e-16,0,1,GC,691,A,U,18,6.5,5,1.778
0.892205086827648,0.10779491317235192,1.0280664785306653e-26,0,1,GC,691,B,U,14,7.5,6.75,1.836
0.03380338022246138,0.9661966197775386,6.104833316996628e-44,0,2,GC,691,C,U,19,7.25,8.5,2.245
2.421391168718041e-5,3.223475665626323e-9,0.9999757828648371,3.281632087416305e-39,3,GC,692,A,U,6,2.5,0.5,1.0555
3.4740325136535157e-16,1.796573240152126e-18,0.010433265999116016,0.9895667340008837,4,GC,692,B,U,6,0,0.25,0.41
6.8032112982131706e-18,4.1726451139955215e-20,4.3438314256158005e-4,0.9995656168574384,4,GC,692,C,U,5,0,0,0.383
2.5858783806279694e-17,2.5470505559242987e-19,0.003663102118047155,0.9963368978819529,4,GC,693,A,U,6,0,0.25,0.346
6.365529455461362e-19,5.367566715503732e-21,1.0377224380357505e-4,0.9998962277561965,4,GC,693,B,U,1,0,0,0.362
1.4171323043315077e-17,1.0349763225736464e-19,0.0012781378236935835,0.9987218621763064,4,GC,693,C,U,0,0,0.25,0.391
5.016795136630739e-18,1.779817644939559e-19,0.0012373264430750885,0.998762673556925,4,GC,694,A,U,12,0,0,0.29300000000000004
3.043956206029634e-18,1.0106161710725642e-19,0.0011358185805997228,0.9988641814194001,4,GC,694,B,U,11,0,0,0.2815
3.3049829637226023e-18,7.209273393542369e-20,7.92843985366916e-4,0.9992071560146332,4,GC,694,C,U,10,0,0,0.3045
9.453780133745602e-11,2.259891022089801e-12,0.9999999999032023,5.147256435771485e-106,3,GC,695,A,U,13,0.75,2.25,0.413
1.573598621890249e-12,3.662893294520868e-14,0.9999999999983897,3.046020237481678e-45,3,GC,695,B,U,13,0.5,1.5,0.392
1.260968033230563e-15,9.478622950689088e-17,0.021048421223349833,0.9789515787766487,4,GC,695,C,U,16,0.5,0.25,0.326
1.33506320162019e-13,1.9189966458063926e-15,0.1817966920131203,0.8182033079867443,4,GC,696,A,U,10,1.5,0.25,0.361
7.134746946421642e-9,8.693653830619584e-8,0.9999999059287148,4.9916618048731825e-189,3,GC,696,B,U,10,11,2,0.28600000000000003
1.6610379785114104e-17,1.0842680539107763e-19,7.651301378184762e-4,0.9992348698621814,4,GC,696,C,U,7,0,0,0.387
5.5683168649803386e-18,2.337182395213942e-19,0.015534217059171778,0.9844657829408283,4,GC,697,A,U,7,0,0.25,0.221
3.359745955131739e-17,2.2755990332414585e-18,0.013694719824552263,0.9863052801754478,4,GC,697,B,U,8,1,0,0.1885
8.556416870167205e-19,2.446228433638227e-20,8.517384619136475e-4,0.9991482615380864,4,GC,697,C,U,8,0,0,0.257
8.573980435813488e-15,8.647936169226447e-16,0.04819049736308687,0.9518095026369037,4,GC,698,A,U,15,1.5,0,0.276
0.07411979489555473,0.9258802051044454,1.4462296945952425e-25,0,2,GC,698,B,U,29,5,6.5,1.7185
7.486544694516478e-12,5.564464279741281e-13,0.9999088302493823,9.116974257467523e-5,3,GC,698,C,U,14,3,0,0.30866666666666664
1.569134085719569e-4,3.13421584970456e-5,0.999811744432931,2.38231562744034e-36,3,GC,699,A,U,25,5,0.25,0.8385
1.1960552478225605e-15,1.608751206361989e-17,0.006676174510392472,0.9933238254896063,4,GC,699,B,U,6,1.5,0,0.3225
4.918822252447376e-12,1.5950152330823664e-13,0.9999999999712537,2.3668051426098954e-11,3,GC,699,C,U,14,1.75,0.75,0.378
3.6984080994775693e-17,2.7775565679511e-18,0.018697415128306374,0.9813025848716936,4,GC,700,A,U,8,1,0,0.18
1.928387360754063e-15,2.324168348377197e-17,0.004388614434906037,0.995611385565092,4,GC,700,B,U,11,1,0,0.383
3.287623312276082e-16,1.677516219898099e-18,0.003891462732908418,0.9961085372670913,4,GC,700,C,U,9,0,0,0.4335
2.3995573084455894e-17,1.2542448931189763e-19,8.437243357587741e-4,0.9991562756642411,4,GC,701,B,U,6,0,0,0.403
2.511455796961884e-7,1.290456883540799e-10,0.9999997487253746,2.9630836694964158e-47,3,GC,702,A,U,9,2,1.25,0.8115
2.5761722038599253e-6,4.6415625885646397e-10,0.9999974233636398,7.141500385015912e-34,3,GC,702,B,U,10,1.5,0.5,1.0265
3.479034407905371e-17,9.131598580229027e-19,0.0010785625736368036,0.9989214374263632,4,GC,702,C,U,12,0.5,0,0.3225
1.2377021465584089e-17,8.250590409636358e-19,0.001689734830797342,0.9983102651692027,4,GC,703,A,U,14,0.25,0,0.27849999999999997
2.4749386557694257e-17,1.1191416777118057e-18,0.0014079313095123544,0.9985920686904877,4,GC,703,B,U,13,0.5,0,0.2925
6.975016741833945e-18,1.374109445355835e-19,6.6022506571562e-4,0.9993397749342845,4,GC,703,C,U,10,0.25,0,0.3145
6.4265184700799086e-18,1.41000364860829e-19,9.389037848421928e-4,0.9990610962151579,4,GC,704,A,U,11,0,0,0.3195
1.6363075373444146e-11,1.9443367865780777e-12,0.9999999999816926,1.6722850432117067e-18,3,GC,704,B,U,9,5,0,0.247
1.3703540697395177e-18,3.776443820296233e-20,8.63376718829637e-4,0.9991366232811704,4,GC,704,C,U,9,0,0,0.27049999999999996
0.9758789353034754,0.024121064696524613,8.79538278967484e-17,0,1,GC,705,B,U,14,7.25,5.25,1.669
0.9920640482400728,0.007932493727241877,3.4580326854000508e-6,0,1,GC,705,C,U,13,8,3,1.4335
0.979761517536287,0.02023848246371296,5.057919003687393e-19,0,1,GC,707,A,U,10,6.75,5.5,1.85
0.007409151428322515,0.9925908485716776,1.6244787434690956e-36,0,2,GC,707,B,U,13,7.75,7.25,2.5575
0.0031806757700430788,0.996819324229957,3.0478691688261453e-40,0,2,GC,707,C,U,21,6.5,7.75,2.4605
0.8319928758299916,0.1680071241700085,1.2986271661034867e-20,0,1,GC,708,A,U,8,3.75,5.5,2.3289999999999997
2.640861083727588e-5,0.9999735913891626,3.822153292219192e-42,0,2,GC,708,B,U,22,7.75,7.5,2.725
0.16442431116654502,0.835575688833455,6.905504392831568e-42,0,2,GC,708,C,U,20,7,8.5,2.0225
4.873099605869712e-17,9.878350048079405e-19,0.0014548779279377417,0.9985451220720621,4,GC,709,A,U,8,1,0,0.293
3.0417161588143754e-18,2.2958759301983625e-20,3.1939075784271395e-4,0.9996806092421573,4,GC,709,B,U,5,0,0,0.3625
5.442367140978605e-19,7.824041931755614e-21,2.546651271136469e-4,0.9997453348728864,4,GC,709,C,U,5,0,0,0.3015
4.0161099025745176e-8,6.254495238912406e-12,0.9999999598326464,7.683976808433358e-28,3,GC,710,C,U,10,0,0.25,1.01525
0.9702116856329378,0.0297883143670623,1.558616052148985e-37,0,1,GC,711,A,U,10,7,8.5,1.597
0.27974456098428746,0.7202554390157125,1.5862117269459883e-45,0,2,GC,711,B,U,15,8.5,9,1.9875
0.9023286112477719,0.09767138875222807,1.3787696496435274e-38,0,1,GC,711,C,U,11,8,8.5,1.7075
2.2749266286706757e-16,1.6169184207581165e-18,0.0015278800013013248,0.9984721199986984,4,GC,713,A,U,9,0.5,0,0.401
2.0870826426285125e-18,2.5281125668844767e-20,2.6896414430829135e-4,0.9997310358556917,4,GC,713,B,U,6,0.25,0,0.3215
6.723034294384371e-6,4.789644532980953e-9,0.999993272176061,1.5096595205637986e-67,3,GC,713,C,U,10,3,1.5,0.8345
1.5576250279994358e-8,2.4706686289225693e-11,0.9999999843591676,3.987535640996726e-11,3,GC,714,A,U,15,1.5,0,0.7615000000000001
5.274100992066189e-8,2.124696935464966e-11,0.9999999472377431,1.8763629977921506e-39,3,GC,714,B,U,12,0.5,1,0.9125
9.275665053826899e-18,1.7071237579141807e-18,0.005150295764821731,0.9948497042351784,4,GC,714,C,U,16,0,0,0.2385
0.9999999999992069,7.931725978304418e-13,NA,NA,1,S22,181,N,P,0,0,0,0.1965
0.9999999999989895,1.0104701566144837e-12,NA,NA,1,S22,1008,N,P,0,0,0,0.2305
0.9999999999952454,4.754591375138353e-12,NA,NA,1,S22,1007,N,P,0,0,0,0.3285
0.9999999999984588,1.541147442470125e-12,NA,NA,1,S22,1060,N,P,0,0,0,0.26649999999999996
0.999999999993592,6.407906673271267e-12,NA,NA,1,S22,1005,N,P,1,0,1,0.2485
0.9999999999985891,1.4109534985930453e-12,NA,NA,1,S22,1006,N,P,3,0,0,0.206
0.9999999999779581,2.2041886810591643e-11,NA,NA,1,S22,1011,N,P,5,0,0.75,0.318
0.9999999999977207,2.2791887882242885e-12,NA,NA,1,S22,1058,N,P,6,0,0,0.198
0.9999999999660489,3.395100431735109e-11,NA,NA,1,S22,1059,N,P,6,0,0,0.3656666666666667
0.9999999999175717,8.242832819300732e-11,NA,NA,1,S22,1017,N,P,6,0.5,1,0.32
0.9999999190501226,8.094987730492842e-8,NA,NA,1,S22,1004,N,P,6,1,2.5,0.2475
0.999999999996021,3.9790691695020425e-12,NA,NA,1,S22,1009,N,P,8,0,0,0.2275
0.9999999997906521,2.0934787165710142e-10,NA,NA,1,S22,1018,N,P,9,0,0.5,0.395
0.9999999999873275,1.2672609336512476e-11,NA,NA,1,S22,1003,N,P,9,0,0.75,0.2375
0.9999999996174795,3.8252051613753253e-10,NA,NA,1,S22,172,N,P,9,1.5,0.25,0.247
9.874415023878702e-61,1,NA,NA,2,S22,188,N,X,9,4,5.5,1.3864999999999998
2.718546455943565e-150,1,NA,NA,2,S22,1049,N,X,11,5,6,2.232
0.9999999999392235,6.07765734607627e-11,NA,NA,1,S22,169,N,P,12,0,0.75,0.3075
0.999999988749459,1.1250541140692173e-8,NA,NA,1,S22,1016,N,P,12,0.5,1.5,0.4035
8.489921692332609e-75,1,NA,NA,2,S22,1045,N,X,12,6,5.5,1.373
5.0869540954980305e-73,1,NA,NA,2,S22,198,N,X,13,4.5,3.5,1.6265
2.1079753050119686e-82,1,NA,NA,2,S22,1046,N,X,13,4.5,4.5,1.686
3.564286782919537e-111,1,NA,NA,2,S22,1040,N,X,13,5,4,1.9745
1.052861567078008e-87,1,NA,NA,2,S22,185,N,X,13,5.5,5,1.632
3.2197808978650657e-127,1,NA,NA,2,S22,1042,N,X,13,6.5,10,1.52
0.9999999996460365,3.5396361829678526e-10,NA,NA,1,S22,1057,N,P,14,0,1.25,0.311
1.6196065354390236e-33,1,NA,NA,2,S22,191,N,X,14,3.5,2.5,1.2025
2.1830907459718892e-59,1,NA,NA,2,S22,1047,N,X,14,3.5,3.5,1.5305
8.956000115283377e-178,1,NA,NA,2,S22,1030,N,X,14,6,6.5,2.3615
9.268844806585056e-98,1,NA,NA,2,S22,193,N,X,14,6,4,1.7525
2.982938288918748e-31,1,NA,NA,2,S22,214,N,X,15,2,2.5,1.2645
1.1762379940185197e-96,1,NA,NA,2,S22,208,N,X,15,4,4,1.8955
7.330633385458445e-83,1,NA,NA,2,S22,180,N,X,15,5.5,4.5,1.6025
2.2278152259906904e-95,1,NA,NA,2,S22,1044,N,X,15,6,6,1.601
0.9999999999090692,9.09307291062128e-11,NA,NA,1,S22,1010,N,P,16,0.5,1,0.1845
8.739732282711437e-146,1,NA,NA,2,S22,201,N,X,16,3.5,7.5,2.1790000000000003
0.9999999990782784,9.217214922475054e-10,NA,NA,1,S22,1015,N,P,18,0.5,1,0.33399999999999996
0.9999999998788356,1.2116430529192224e-10,NA,NA,1,S22,167,N,P,18,1,0,0.2005
2.1462071230181927e-78,1,NA,NA,2,S22,222,N,X,18,4,5,1.642
3.1873445780396557e-80,1,NA,NA,2,S22,189,N,X,18,4,6.5,1.5525
7.612523297786114e-82,1,NA,NA,2,S22,187,N,X,18,4.5,3.5,1.724
0.9999999921557104,7.844289548661495e-9,NA,NA,1,S22,174,N,P,19,1.5,0,0.32999999999999996
5.2297834287314235e-95,1,NA,NA,2,S22,175,N,X,19,5,4.5,1.782
1.06067590880668e-106,1,NA,NA,2,S22,221,N,X,19,5.5,8,1.606
2.684471715098791e-90,1,NA,NA,2,S22,1055,N,X,20,4.5,7.5,1.5443333333333331
0.999999999729434,2.705659265608798e-10,NA,NA,1,S22,1013,N,P,21,1,0,0.236
0.999989924078085,1.0075921914967223e-5,NA,NA,1,S22,171,N,P,21,1.5,0,0.5235000000000001
3.474946613603524e-94,1,NA,NA,2,S22,1026,N,X,21,6,5.5,1.618
0.9999999712771294,2.8722870674101983e-8,NA,NA,1,S22,168,N,P,22,1,0.5,0.419
0.999999999918205,8.179492243861329e-11,NA,NA,1,S22,1014,N,P,23,0.5,0,0.2125
0.9999999963969706,3.6030294549753052e-9,NA,NA,1,S22,166,N,P,23,1,1,0.291
2.2908851821391895e-115,1,NA,NA,2,S22,1036,N,X,23,3.5,6,1.9955
2.364392832511677e-109,1,NA,NA,2,S22,1039,N,X,23,6.5,8,1.525
3.1470609562604174e-125,1,NA,NA,2,S22,200,N,X,23,8,4.5,1.7945000000000002
2.123986409691735e-99,1,NA,NA,2,S22,1035,N,X,24,4,5.5,1.8385
1.663450359761453e-115,1,NA,NA,2,S22,1023,N,X?,24,4.5,4.5,2.0195
8.497244954333219e-106,1,NA,NA,2,S22,1048,N,X,24,6,3.5,1.8515
0.9999999998580129,1.419870946510444e-10,NA,NA,1,S22,182,N,P,25,0,0.5,0.242
3.3843050963738602e-59,1,NA,NA,2,S22,206,N,X,26,3.5,4,1.49
4.494181873447451e-103,1,NA,NA,2,S22,218,N,X,26,6.5,6,1.628
2.102546653058584e-120,1,NA,NA,2,S22,184,N,X,27,4,6,2.014
1.0662590711427398e-122,1,NA,NA,2,S22,216,N,X,27,7,6.5,1.7565
5.7387968270544e-153,1,NA,NA,2,S22,197,N,X,27,7,9.5,1.809
0.999999999079886,9.201138997149639e-10,NA,NA,1,S22,1002,N,P,28,0,1.25,0.15849999999999995
1.6770569048153224e-149,1,NA,NA,2,S22,179,N,X,28,4,6.5,2.2425
2.4193947874323774e-207,1,NA,NA,2,S22,1027,N,X,28,6,8,2.4924999999999997
1.4630755629919936e-167,1,NA,NA,2,S22,1022,N,X,28,6,9.5,2.0475
1.4187977735702413e-157,1,NA,NA,2,S22,1029,N,X,29,3.5,5.5,2.382
1.60729709282385e-127,1,NA,NA,2,S22,1050,N,X,29,5.5,4.5,2.059
7.976459528419839e-174,1,NA,NA,2,S22,199,N,X,29,6,9,2.1475
0.9999999998576978,1.4230208406872113e-10,NA,NA,1,S22,1012,N,P,30,0,0,0.148
1.434786326681438e-128,1,NA,NA,2,S22,220,N,X,30,5,5.5,2.0545
5.39196150052209e-169,1,NA,NA,2,S22,203,N,X,30,6,4,2.393
8.612840594766832e-132,1,NA,NA,2,S22,205,N,X,30,6,6,1.9795
1.965423666064875e-104,1,NA,NA,2,S22,204,N,X,31,4.5,4,1.9295
1.982313063710469e-71,1,NA,NA,2,S22,1038,N,X,31,5,3,1.569
9.117605959806657e-145,1,NA,NA,2,S22,202,N,X,31,5.5,6,2.1375
2.653130967970282e-159,1,NA,NA,2,S22,1032,N,X,31,6,7.5,2.1335
4.708771408903602e-123,1,NA,NA,2,S22,1028,N,X,31,7,6,1.793
3.753740904347753e-119,1,NA,NA,2,S22,1054,N,X,31,9,4,1.602
9.957982947760124e-166,1,NA,NA,2,S22,1031,N,X,31,10,8,1.6855
6.4377485698422445e-75,1,NA,NA,2,S22,196,N,X,32,3.5,6,1.549
1.362765968711637e-129,1,NA,NA,2,S22,225,N,X,32,5.5,5.5,2.0265
2.152512985936304e-201,1,NA,NA,2,S22,1051,N,X,32,6.5,8,2.4095
3.241699508712379e-137,1,NA,NA,2,S22,176,N,X,32,8.5,4.5,1.8495
1.4024622124619715e-152,1,NA,NA,2,S22,212,N,X,33,6,6,2.1675
6.056371495111331e-203,1,NA,NA,2,S22,1053,N,X,33,6,10,2.3065
2.1186804887536892e-123,1,NA,NA,2,S22,211,N,X,33,9,3,1.6945
1.00395745788589e-124,1,NA,NA,2,S22,1041,N,X,34,4.5,6,2.02
4.002890165258333e-119,1,NA,NA,2,S22,210,N,X,34,6.5,5.5,1.834
2.012121460422275e-96,1,NA,NA,2,S22,190,N,X,35,2.5,8,1.68
5.055159404036884e-150,1,NA,NA,2,S22,192,N,X,35,7,9,1.823
1.4171642985058157e-131,1,NA,NA,2,S22,1020,N,X,35,7.5,6,1.8235
1.350369477579618e-221,1,NA,NA,2,S22,1043,N,X,35,7.5,7,2.5425
1.3029437372754753e-129,1,NA,NA,2,S22,195,N,X,36,5,3,2.162
6.966407414720758e-79,1,NA,NA,2,S22,215,N,X,36,5,3.5,1.6335
6.008533499741073e-122,1,NA,NA,2,S22,223,N,X,36,5,5,2.0145
1.9615220443479212e-206,1,NA,NA,2,S22,1025,N,X,36,12,8,1.7745
1.0851666329676668e-159,1,NA,NA,2,S22,186,N,X,37,6,5,2.2750000000000004
4.935188139710293e-38,1,NA,NA,2,S22,1037,N,X,38,5,4,0.976
1.89205691632572e-84,1,NA,NA,2,S22,217,N,X,38,5,5.5,1.5825
1.9058769850629437e-256,1,NA,NA,2,S22,207,N,X,39,12.5,6.5,2.2664999999999997
2.926361779805932e-77,1,NA,NA,2,S22,209,N,X,41,4,2.5,1.7245
2.6634494701804395e-167,1,NA,NA,2,S22,177,N,X,41,8.5,6,2.0545
1.0388898774903682e-67,1,NA,NA,2,S22,1033,N,X,43,5.5,4,1.407
1.2995875834023532e-82,1,NA,NA,2,S22,194,N,X,44,4.5,5,1.631
0.21992122963596986,1.1078504550706238e-8,0.7800787592855256,NA,3,SAW,97,N,P,2,0,1,0.27320500000000003
0.9080257777397656,2.2534832184829196e-9,0.09197422000675125,NA,1,SAW,17,N,P,3,0,0,0.1985
0.9339193696686843,2.732138105858289e-9,0.06608062759917756,NA,1,SAW,142,N,X,3,0,0,0.1725
0.014653313963805108,4.1512940517407465e-8,0.9853466445232544,NA,3,SAW,98,N,P,5,0,1.5,0.254585
0.9995264681577531,6.5758541109952605e-9,4.7352526639282157e-4,NA,1,SAW,66,N,P,5,0.5,0.75,0.178635
3.130564461224429e-5,2.5469727109999756e-7,0.9999684396581165,NA,3,SAW,30,N,P,6,0,2,0.28881999999999997
0.999980470274893,2.0737597866959906e-9,1.952765134711261e-5,NA,1,SAW,31,N,P,6,0.5,0,0.172175
0.9735193601574441,2.277058142569473e-9,0.02648063756549776,NA,1,SAW,11,N,P,7,0,0,0.135
0.9641088641917527,1.6255225412508904e-9,0.03589113418272484,NA,1,SAW,103,N,P,7,0,0,0.16149
0.9782548857672162,6.695695670554553e-9,0.021745107537088144,NA,1,SAW,88,N,X,7,0,0.25,0.094
0.9514285891048226,1.558416852240691e-9,0.048571409336760546,NA,1,SAW,21,N,P,7,0,0,0.182
0.9180611090921699,2.1852894894720404e-9,0.08193888872254076,NA,1,SAW,52,N,P,8,0,0,0.208
0.9065221684747654,2.4535317951571636e-9,0.09347782907170288,NA,1,SAW,107,N,P,8,0,0,0.21448
0.12817479745151664,4.4327330613993606e-8,0.8718251582211527,NA,3,SAW,105,N,P,9,0,1.25,0.19342
0.9999854425630766,3.322460680961041e-9,1.4554114462745278e-5,NA,1,SAW,18,N,P,9,0.5,0,0.125
0.9999212270291007,2.6542238364360523e-9,7.87703166754298e-5,NA,1,SAW,55,N,P,9,0.5,0.25,0.187
0.9846287524980444,9.972174970060451e-8,0.015371147780205935,NA,1,SAW,37,N,P,9,0.5,1,0.215615
0.9999999871345681,1.2859579485065854e-8,5.852423204935597e-12,NA,1,SAW,60,N,P,9,1,0,0.2145
0.9999998861214008,1.1387859933024676e-7,6.940027313672661e-23,NA,1,SAW,65,N,P,9,1.5,0,0.19332
4.5876336528194736e-245,1,1.1487272585972386e-174,NA,2,SAW,164,N,X,9,2,2.5,1.71317
0.8796491964565546,3.744838441813126e-9,0.12035079979860694,NA,1,SAW,26,N,P,10,0,0,0.2125
1.3255533454147638e-7,2.4184779062279654e-5,0.9999756826656031,NA,3,SAW,109,N,P,10,0,2,0.3695000000000001
0.999957302946375,2.8634638463162102e-9,4.2694190161371555e-5,NA,1,SAW,36,N,P,10,0.5,0,0.18557
0.9999490652921748,3.2199308279856277e-9,5.093148789440669e-5,NA,1,SAW,122,N,P,10,0.5,0,0.1944
0.9999585703625543,2.815032153948286e-9,4.1426822413570194e-5,NA,1,SAW,39,N,P,10,0.5,0,0.184
0.9999998911185325,1.0884714852174768e-7,3.431903035106995e-11,NA,1,SAW,13,N,P,10,1,0,0.268
0.9999999449781494,5.50002563065645e-8,2.1594353882947684e-11,NA,1,SAW,67,N,P,10,1,0,0.25238
0.9999999875842395,1.2403382221633832e-8,1.2378279579215393e-11,NA,1,SAW,8,N,P,10,1,0.25,0.15363
0.9999996190341982,3.6947691718873237e-7,1.1488884781821349e-8,NA,1,SAW,24,N,P,10,1,1,0.15861
0.9999999889298116,1.1067800992222773e-8,2.3873748540133e-12,NA,1,SAW,12,N,P,10,1,0,0.143735
0.38857921921922456,4.7640916344755184e-8,0.6114207331398591,NA,3,SAW,23,N,P,11,0,0.25,0.2765
0.8587243997730621,5.175141104818016e-9,0.14127559505179685,NA,1,SAW,113,N,P,11,0,0.5,0.170005
0.999983629704639,8.992497794694977e-9,1.6361302863336415e-5,NA,1,SAW,92,N,P,11,0.5,0,0.087
0.9998708646295803,4.342379746550542e-9,1.291310280400194e-4,NA,1,SAW,41,N,P,11,0.5,0.25,0.1805
3.512786715516335e-7,1.4082669052918194e-5,0.9999855660522756,NA,3,SAW,19,N,P,11,0.5,2.5,0.1285
0.9999638497292728,3.0411770778581765e-9,3.614722955015501e-5,NA,1,SAW,34,N,P,11,0.5,0,0.160025
0.9981087086311013,3.946101151643941e-8,0.0018912519078872207,NA,1,SAW,99,N,P,11,0.5,0.5,0.239
0.10012107341617131,4.686290418530142e-6,0.8998742402934102,NA,3,SAW,123,N,P,11,0.5,1.5,0.22714
0.9999999870637558,1.293049063982932e-8,5.7535254262963784e-12,NA,1,SAW,61,N,P,11,1,0,0.1787775
0.9999999338954282,6.569766046399578e-8,4.0691137427665854e-10,NA,1,SAW,4,N,P,11,1,0.5,0.214785
0.9326973570919146,3.6246741348161744e-9,0.06730263928341129,NA,1,SAW,6,N,P,12,0,0.25,0.13993499999999998
0.4156830445791418,2.932910650252147e-8,0.5843169260917517,NA,3,SAW,47,N,P,12,0,0.5,0.2405
0.999924590299913,4.879104209607796e-9,7.540482098268884e-5,NA,1,SAW,10,N,P,12,0.5,0,0.181
0.9999907381579259,8.381565073163825e-6,8.80277000766582e-7,NA,1,SAW,104,N,P,12,1,1.25,0.16925
0.671067722417612,1.5602409736651502e-8,0.32893226197997827,NA,1,SAW,15,N,P,13,0,0,0.224
0.9998719884679564,7.95686496049177e-9,1.2800357517871842e-4,NA,1,SAW,14,N,P,13,0.5,0,0.186
0.9983185704770636,3.061444910923547e-8,0.0016813989084873446,NA,1,SAW,56,N,P,13,0.5,0.5,0.196
0.9999999722190279,2.7765127764896703e-8,1.5844355041588422e-11,NA,1,SAW,27,N,P,13,1,0,0.183625
1.3128607608618314e-183,1,1.4855600617796494e-113,NA,2,SAW,117,N,X,13,1.5,3.5,1.43262
4.5307177762998944e-185,1,1.4076591037591096e-125,NA,2,SAW,133,N,X,13,2,3.5,1.43586
0,1,9.104732150919107e-243,NA,2,SAW,163,N,X,13,2.5,4.5,1.9435949999999995
6.193288233271949e-224,1,1.201225595081253e-194,NA,2,SAW,157,N,X,13,4,6,1.39147
0.7520441485752571,1.0553612622867666e-8,0.2479558408711303,NA,1,SAW,40,N,P,14,0,0,0.193
0.8777516765354036,5.819836355619974e-9,0.12224831764476005,NA,1,SAW,51,N,P,14,0,0,0.154
0.9002572822618982,5.451658520331162e-9,0.09974271228644326,NA,1,SAW,94,N,P,14,0,0,0.14143
0.2023465952764289,1.2016414373632329e-7,0.7976532845594274,NA,3,SAW,100,N,P,14,0,0,0.272845
4.0536877907629845e-227,1,3.8939372436188905e-137,NA,2,SAW,139,N,X,14,1.5,4,1.558735
1.736383216559615e-309,1,1.3235839495671431e-215,NA,2,SAW,229,N,X,14,2,2.5,1.87262
3.6122987298782933e-219,1,4.516924875695808e-137,NA,2,SAW,233,N,X,14,2,4.5,1.50158
6.896477704381243e-136,1,8.444677661491301e-103,NA,2,SAW,137,N,X,14,2.5,4,1.18501
1.584156584847776e-219,1,1.357586814099555e-197,NA,2,SAW,138,N,X,14,3.5,4,1.513
1.5158884236729265e-241,1,1.7356530639268307e-230,NA,2,SAW,150,N,X,14,4,4.5,1.55478
0.9998028879674381,1.313948714932683e-8,1.9709889307471047e-4,NA,1,SAW,101,N,P,15,0.5,0,0.15842
0.9999999528164796,4.715666711360112e-8,2.6853283090222714e-11,NA,1,SAW,35,N,P,15,1,0,0.15198
1.0783175863414724e-214,1,8.424658663635587e-182,NA,2,SAW,231,N,X,15,2.5,1,1.6028099999999998
1.1303828383010364e-145,1,2.395547377594188e-93,NA,2,SAW,1065,N,X,15,2.5,5.25,1.124215
3.3e-321,1,1.0134472095097615e-263,NA,2,SAW,162,N,X,15,3.5,4,1.835195
0.5894339160443606,2.0035731780537756e-8,0.4105660639199077,NA,1,SAW,90,N,P,16,0,0,0.18205
0.6608962283705706,3.671215084209439e-8,0.3391037349172786,NA,1,SAW,91,N,P,16,0,0.5,0.1
0.45161134302549055,2.6850596011945448e-8,0.5483886301239135,NA,3,SAW,16,N,P,16,0,0.25,0.186
0.6621129988347211,1.70366745115378e-8,0.33788698412860435,NA,1,SAW,53,N,P,16,0,0.25,0.1485
0.9747300006074178,3.424096085544859e-7,0.025269656982973777,NA,1,SAW,64,N,P,16,0.5,0.75,0.15195
0.9998261824328339,1.738175671660981e-4,4.725250810949448e-18,NA,1,SAW,124,N,X?,16,1.5,0.5,0.25861
3.2614730408375357e-227,1,8.526886130791814e-102,NA,2,SAW,114,N,X,16,2,7.5,1.268275
8.753493580643637e-186,1,5.761491900880158e-120,NA,2,SAW,159,N,X,16,2,4,1.38807
3.476896294562392e-232,1,1.605491669059555e-164,NA,2,SAW,89,N,X,16,2.5,4,1.5549
2.9427433891759837e-223,1,1.5413209765424174e-163,NA,2,SAW,165,N,X,16,3,5,1.4581
2.8888613475578194e-283,1,9.649055731978966e-257,NA,2,SAW,1067,N,X,16,4,4.5,1.67926
0.2928246477453832,4.008680291223204e-8,0.7071753121678138,NA,3,SAW,62,N,P,17,0,0.5,0.1525
2.1411950259740304e-85,1,1.1029985930381902e-48,NA,2,SAW,1063,N,X,17,1,2.5,1.00522
8.123149964473365e-200,1,1.600358170725573e-126,NA,2,SAW,93,N,X,17,3.5,7.5,1.10008
1.3655531876475837e-237,1,2.2752352120576064e-209,NA,2,SAW,102,N,X,17,4.5,7,1.3015949999999998
1.0710343159661095e-6,9.242212333683985e-6,0.9999896867533504,NA,3,SAW,28,N,P,18,0.5,2,0.17942999999999998
0.9856530112622991,2.235917896268626e-6,0.014344752819804593,NA,1,SAW,25,N,P,18,0.5,0,0.2405
1.3990434236294651e-257,1,1.3527007550079807e-155,NA,2,SAW,134,N,X,18,1.5,4,1.629045
0.004627230065152559,1.1330572075092339e-7,0.9953726566291267,NA,3,SAW,106,N,P,19,0,1,0.153
0.9999728900306766,2.7074998895848088e-5,3.4970427492349457e-8,NA,1,SAW,59,N,P,19,1,0.25,0.23491
1.5997791010678914e-114,1,2.3795758186732293e-67,NA,2,SAW,126,N,X,19,2,4.5,0.998415
1.3717795390681963e-144,1,3.417824972326458e-117,NA,2,SAW,132,N,X,19,2.5,3,1.2407750000000002
0.014450997344488459,2.1689510822304414e-7,0.9855487857604033,NA,3,SAW,44,N,P,20,0,0,0.237
0.013853395787695967,8.838057417762943e-8,0.98614651583173,NA,3,SAW,9,N,P,20,0,0.75,0.14
6.093510217437604e-219,1,7.490063739885675e-131,NA,2,SAW,135,N,X,20,1,3,1.527245
8.153236174755308e-187,1,9.142335657539161e-121,NA,2,SAW,140,N,X,20,2.5,5,1.285775
0.07137259107552435,6.151870341288026e-8,0.9286273474057724,NA,3,SAW,20,N,P,21,0,0,0.1575
0.9999975788650499,2.418456504871671e-6,2.6784453251130625e-9,NA,1,SAW,58,N,P,21,1,0,0.14250000000000002
0,1,1.2915276001473526e-281,NA,2,SAW,147,N,X,21,1,6,2.147465
2.9907902905046113e-235,1,7.223691985128869e-118,NA,2,SAW,116,N,X,21,1.5,6,1.39864
1.803697380478205e-178,1,1.2910059783336414e-95,NA,2,SAW,152,N,X,21,2,5.5,1.205595
0.01538749762460625,8.497047401047001e-8,0.9846124174049199,NA,3,SAW,96,N,P,22,0,0.5,0.1135
5.066339889782541e-13,2.7388577181568713e-5,0.9999726114223118,NA,3,SAW,95,N,P,22,0,2.5,0.2005
0.0012323123115964515,1.223772808615046e-7,0.9987675653111227,NA,3,SAW,43,N,P,23,0,0.5,0.173
2.6862985958588328e-21,0.002058730391601121,0.9979412696083988,NA,3,SAW,5,N,P,23,0,3.5,0.12847
2.761853080658234e-189,1,4.2644215563635417e-88,NA,2,SAW,1061,N,X,23,2,6.5,1.136815
5.510653809590266e-259,1,5.489035828200616e-209,NA,2,SAW,148,N,X,23,3,3,1.627775
0,1,0,NA,2,SAW,130,N,X,23,4,5.5,1.995035
2.380523384298908e-128,1,6.194883403131935e-144,NA,2,SAW,161,N,X,23,4,5,0.930315
0,1,0,NA,2,SAW,228,N,X,23,4,5.5,1.987215
8.96696238e-315,1,0,NA,2,SAW,1062,N,X,23,5,4.5,1.70021
7.46955294617942e-308,1,0,NA,2,SAW,155,N,X,23,6,6.5,1.51042
0.004927993458481136,8.43247484325847e-8,0.9950719222167703,NA,3,SAW,46,N,P,24,0,0,0.154
6.529141443685494e-4,1.1532166805160504e-7,0.9993469705339635,NA,3,SAW,38,N,P,24,0,0.5,0.1575
1.018766310920066e-5,2.923210622144997e-6,0.9999868891262688,NA,3,SAW,49,N,P,24,0,0.5,0.26844
9.62852044668234e-5,1.9397870613324849e-7,0.9999035208168272,NA,3,SAW,120,N,P,24,0,1,0.09801
1.323236172285263e-7,8.195330044119271e-5,0.9999179143759417,NA,3,SAW,115,N,P,24,0.5,1.5,0.237485
0,1,1.1233349658892365e-205,NA,2,SAW,136,N,X,24,3,7,1.64773
6.694218817764243e-206,1,1.7807418313392507e-161,NA,2,SAW,112,N,X,24,3,4,1.3853
2.750777283010201e-7,7.297878506206731e-7,0.999998995134421,NA,3,SAW,121,N,P,25,0,1.25,0.183835
9.620424735832389e-293,1,5.3210819071916795e-180,NA,2,SAW,111,N,X,25,2,4.5,1.655565
3.905457062693498e-120,1,1.517725046634225e-152,NA,2,SAW,127,N,X,25,3.5,2,1.10292
5.135422256466062e-6,9.300637323225576e-7,0.9999939345140113,NA,3,SAW,48,N,P,26,0,0.5,0.22607
1.32431441392505e-4,2.542347421441772e-7,0.9998673143238654,NA,3,SAW,119,N,P,26,0,0,0.196635
5.742136830020559e-5,1.432216218644636e-7,0.9999424354100779,NA,3,SAW,29,N,P,26,0,0.75,0.100275
5.864859405060838e-286,1,6.356314280971845e-155,NA,2,SAW,129,N,X,26,1,5,1.598395
4.569502353307266e-106,1,7.5612089688246825e-93,NA,2,SAW,234,N,X,26,2,0.5,1.097515
5.981788287008341e-142,1,1.6292284641997811e-75,NA,2,SAW,160,N,X,26,2,5,1.026305
1.4150279991199603e-192,1,1.339688890428141e-308,NA,2,SAW,118,N,X,26,5,1,1.396985
1.0031909819370436e-146,1,1.4045371647663518e-136,NA,2,SAW,158,N,X,27,2.5,0.5,1.2661600000000002
7.002944025097289e-299,1,6.341191744353054e-244,NA,2,SAW,232,N,X,27,3,2,1.7517200000000002
3.332779133756911e-204,1,4.630403032282089e-116,NA,2,SAW,153,N,X,28,1.5,4,1.355725
1.314060192963883e-234,1,4.1320526781648195e-147,NA,2,SAW,226,N,X,28,2.5,5,1.39773
1.6950687444006018e-99,1,1.598380841212618e-66,NA,2,SAW,128,N,X,28,2.5,4.5,0.7990349999999999
3.3457517775582443e-68,1,7.518741659208428e-83,NA,2,SAW,146,N,X,28,3,3,0.71524
4.162139585207597e-185,1,1.312680306307291e-117,NA,2,SAW,108,N,X,29,2.5,4.75,1.21059
1.7182046241519966e-197,1,9.598211835965304e-167,NA,2,SAW,145,N,X,29,4,6,1.11926
4.8063796339473766e-8,4.0985998439047995e-7,0.9999995420762193,NA,3,SAW,54,N,P,30,0,0.75,0.155
9.542097608157129e-102,1,9.228329910907786e-94,NA,2,SAW,1064,N,X,30,3.5,5.25,0.6484333333333333
3.3559152265644287e-130,1,2.605278791823783e-155,NA,2,SAW,1069,N,X,31,4,4,0.95043
7.77678653958417e-8,4.591754831375789e-7,0.9999994630566515,NA,3,SAW,63,N,P,32,0,0,0.17516500000000002
1.0380199827795842e-248,1,2.655252658658878e-144,NA,2,SAW,149,N,X,33,1,3,1.51689
1.585180853300939e-156,1,8.01592173039526e-128,NA,2,SAW,125,N,X,36,3,3.5,1.09403
1.2148734048367962e-159,1,7.176047480090332e-104,NA,2,SAW,131,N,X,42,1.5,0.75,1.18607
1,1.4855308225375334e-94,1.0687957602869782e-49,NA,1,S6,323,N,X,31,8.5,6.25,0.8879999999999999
2.956223094651187e-4,0.9997043776905349,0,NA,2,S6,271,N,P,16,3,0.5,0.483
1.775541966257791e-7,0.9999998224458033,0,NA,2,S6,272,N,P,9,1,0,0.525
9.190144224203594e-7,0.9999990809855775,0,NA,2,S6,274,N,P,13,1.5,0,0.5135
8.769169278483761e-6,0.9999912308307216,0,NA,2,S6,275,N,P,17,2,0.25,0.4425
1.8939875071677422e-5,0.9999810601249284,3.380903176824997e-264,NA,2,S6,276,N,P,12,2.5,0,0.5645
4.116097814527759e-8,0.9999999588390219,0,NA,2,S6,278,N,X,9,0,0,0.5055000000000001
4.894162559346282e-5,0.9999510583744066,8.973518619631424e-126,NA,2,S6,279,N,P,5,2,0.5,0.716
8.427825205410239e-7,0.9999991572174796,6.666390726659755e-181,NA,2,S6,280,N,P,8,1,0,0.6535
5.584753765882575e-7,0.9999994415246233,0,NA,2,S6,281,N,P,11,1.5,0,0.4955000000000001
0.004227635833895095,0.9957723641661049,8.984370256958994e-248,NA,2,S6,282,N,P,16,3.5,0.5,0.5714999999999999
1.1706731223703054e-5,0.9999882932687764,7.19399629134345e-163,NA,2,S6,283,N,P,0,1,0.75,0.6805
1.350159715667554e-6,0.9999986498402844,4.9454292918329975e-211,NA,2,S6,284,N,P,8,1.5,0,0.62
9.689309155943888e-7,0.9999990310690843,0,NA,2,S6,285,N,P,12,1,0.75,0.4429999999999999
5.579017530201034e-6,0.9999944209824699,1.297717403199163e-278,NA,2,S6,286,N,P,10,1,1,0.5465
9.48543059009004e-7,0.999999051456941,2.0005255642583408e-294,NA,2,S6,287,N,P,16,1,0,0.542
0.9981946867286853,0.0018053132713146927,5.591165553557439e-289,NA,1,S6,291,N,P,36,3,0.5,0.5755
4.22428474299295e-6,0.9999957757152569,0,NA,2,S6,292,N,P,14,2,0,0.387
9.273437490568752e-6,0.9999907265625094,0,NA,2,S6,293,N,P,11,2.5,0,0.491
5.0754585267785525e-5,0.9999492454147322,4.6128934441170617e-135,NA,2,S6,296,N,P,13,2,0,0.702
0.9626083077740389,0.03739169222596114,4.214053494787705e-246,NA,1,S6,297,N,P,27,3.5,1,0.582
1,6.023728747283738e-82,7.32602866863611e-149,NA,1,S6,299,N,X,13,8,5.5,1.31
1,4.43018606148033e-73,1.9880631004386673e-110,NA,1,S6,301,N,X,13,6,6,0.706
1,5.674304131509364e-59,2.7516977446563656e-61,NA,1,S6,303,N,X,27,7,5,0.8045
1,4.934340751615607e-33,6.328569548864548e-41,NA,1,S6,304,N,P,20,6,3.75,0.815
1,7.805434058319694e-74,2.9275124022489888e-86,NA,1,S6,305,A,X,33,7,5.25,1.1695
1,1.3699665591120353e-24,2.0322881659488852e-76,NA,1,S6,305,C,X,10,5,3.5,0.7455
1,1.8248090007609353e-124,1.3388513887113199e-22,NA,1,S6,306,A,X,16,8,7.5,1
0.004196714597795464,8.277259601249616e-45,0.9958032854022044,NA,3,S6,306,B,X,15,9,3.5,0.9815
1,5.104489871724468e-32,1.2477688659609236e-87,NA,1,S6,306,C,X,14,10,1,1.2225
0.012502563386928754,2.1553681823147047e-51,0.9874974366130712,NA,3,S6,307,N,X,13,8,4.25,0.989
1,9.518821580963705e-37,6.417251614622692e-26,NA,1,S6,308,N,P,17,4.5,4.25,0.8495
1,8.386775887857612e-41,3.7662423247328425e-196,NA,1,S6,309,A,P,23,6.5,4.25,0.6085
1,7.660596992750916e-105,6.192411872697179e-153,NA,1,S6,309,B,P,23,7.5,7,0.6735
0.03503819678322083,2.19380300776237e-50,0.9649618032167793,NA,3,S6,310,N,X,13,8,4.25,0.962
1,1.3016538170481957e-30,3.067496782443361e-91,NA,1,S6,312,N,X,22,7.5,3.25,0.73
1,7.953175192898013e-37,8.912737832159202e-38,NA,1,S6,313,N,X,22,7,3.75,0.8274999999999999
1,6.279309962789955e-58,2.787182253339867e-19,NA,1,S6,314,N,X,20,7,4.75,1.086
0.9999999999999769,5.462379512248304e-31,2.3052682646201854e-14,NA,1,S6,315,N,X,12,7.5,3.25,0.8745
0.02582855445663382,3.1577416367359042e-46,0.9741714455433662,NA,3,S6,316,N,X,11,9.5,3.5,1.0025
1,1.699382946821144e-113,7.309664327866105e-29,NA,1,S6,317,N,X,22,7,7.25,0.9355
1,2.0764247466966474e-84,5.55572064755176e-77,NA,1,S6,318,N,X,37,7,5.75,1.101
1,2.495188889965964e-171,3.2729242101153495e-77,NA,1,S6,319,N,X,23,5,9.25,0.863
0.009691315585178648,1.1818799741002546e-36,0.9903086844148213,NA,3,S6,320,N,X,14,7,3.5,0.979
1,1.3625246017217227e-44,1.122697835009324e-34,NA,1,S6,321,N,X,13,7.5,4.25,0.819
1,4.517679476019731e-25,3.398443172794994e-46,NA,1,S6,322,N,X,21,8,2.5,0.8089999999999999
1,5.629828525020047e-29,2.1108166544417267e-40,NA,1,S6,324,N,P,25,8,2.75,0.8374999999999999
1,7.069036313430914e-51,1.1685114880441939e-42,NA,1,S6,326,N,X,25,8.5,4.25,0.8295
1,2.683444083296108e-87,2.4085716280009904e-173,NA,1,S6,330,N,X,24,8,6.25,0.644
1,6.163836503062152e-83,6.562786549808045e-71,NA,1,S6,331,N,X,29,8.5,5.5,1.1635
0.020301611373895485,3.553106356442915e-41,0.9796983886261045,NA,3,S6,333,N,X,16,9,3.25,0.9876666666666668
1,3.9440816867316533e-19,4.571367336463162e-37,NA,1,S6,334,N,X,26,8.5,0.5,0.905
0.02874552282612154,6.834231021964281e-36,0.9712544771738784,NA,3,S6,335,N,X,13,6.5,3.625,0.967
1,1.9427167964858033e-65,9.61634732129954e-182,NA,1,S6,336,N,X,20,7,5.5,0.623
0.9999999999999154,8.452033274329296e-14,1.951253150213876e-32,NA,1,S6,337,N,X,17,6,2,0.839
1,4.251351517657973e-102,1.675602122588352e-26,NA,1,S6,338,N,X,20,7,6.75,1.0619999999999998
1,1.4759112207231913e-79,1.491832227282445e-25,NA,1,S6,339,N,X,0,6.5,6,1.0154999999999998
0.9999991736976694,9.705729448114833e-22,8.26302330653386e-7,NA,1,S6,340,N,X,16,6,2.5,1.041
1,5.2592556618949094e-142,4.5894843762025507e-88,NA,1,S6,341,N,X,7,5,8.5,0.7945
0.9999999894252817,3.749788809340755e-17,1.0574718321583107e-8,NA,1,S6,342,N,X,16,7.5,1.5,0.942
1.2347845978149771e-6,0.9999987652154022,7.130819458168425e-184,NA,2,S6,273,N,X,4,1,0.5,0.65
0.9924924600246395,0.00750749656918139,4.340617912607614e-8,NA,1,SM,251,N,P,0,0,0,0.226
0.9989395658261679,0.0010604297009896685,4.47284239584356e-9,NA,1,SM,1083,N,P,1,0,0,0.235
0.9987679675318016,0.0012320263677621456,6.1004363279495695e-9,NA,1,SM,1081,N,P,2,0,0.25,0.368
0.9994134287525707,5.865688309128091e-4,2.4165163994630696e-9,NA,1,SM,1088,N,P,2,0,0,0.3195
0.9911589866288745,0.008841004045836206,9.325289334427431e-9,NA,1,SM,238,N,P,3,0,0.5,0.3165
0.9998486289843946,1.5137061185298804e-4,4.0375227386037536e-10,NA,1,SM,252,N,P,3,0,0,0.256
0.9936256271767259,0.006374368411475259,4.4117986820766e-9,NA,1,SM,257,N,P,3,0,0.5,0.2575
0.9997110204449229,2.8897679724388656e-4,2.7578331634039105e-9,NA,1,SM,277,N,P,3,0,0,0.3745
0.9995684964527863,4.315029449730804e-4,6.022405371008554e-10,NA,1,SM,1072,N,P,3,0,0.25,0.29000000000000004
0.9997098561187294,2.901417129920551e-4,2.168278358523774e-9,NA,1,SM,1077,N,P,3,0,0,0.3635000000000001
0.9998748628864242,1.251367618588777e-4,3.517167821055953e-10,NA,1,SM,1084,N,P,3,0,0,0.241
0.40341147981792735,0.5965879827047544,5.374773181785968e-7,NA,2,SM,1076,N,P,3,0,0.75,0.3305
0,0.9999894733272765,1.052667272359988e-5,NA,2,SM,250,N,P,3,1,0,0.235
0.9996578301468876,3.421689551689924e-4,8.979433607552852e-10,NA,1,SM,247,N,P,5,0,0,0.3035
0.9996079994109288,3.91997217144766e-4,3.3719265296716804e-9,NA,1,SM,262,N,P,5,0,0,0.374
0.9998102568232118,1.8974275207185525e-4,4.247163026950854e-10,NA,1,SM,274,N,P,5,0,0,0.2395
0.9996864809348827,3.135183253382733e-4,7.397792225179847e-10,NA,1,SM,1079,N,P,5,0,0,0.29
0.9992773742149067,7.22624102760287e-4,1.6823328989761913e-9,NA,1,SM,1090,N,P,5,0,0.25,0.34299999999999997
0.9998162396422879,1.8375994161775458e-4,4.1609447082597936e-10,NA,1,SM,1096,N,P,5,0,0,0.237
0.9992816549472783,7.183429879581464e-4,2.064763478509465e-9,NA,1,SM,245,N,P,5,0,0.25,0.3535
3.7219947626486054e-4,0.9996275502185817,2.5030515338181573e-7,NA,2,SM,1075,N,P,5,0,1,0.2595
4.194883616161001e-13,0.9999952988677308,4.7011318498516006e-6,NA,2,SM,270,N,P,5,0,1.5,0.4005
0,0.9999993810503339,6.189496662050857e-7,NA,2,SM,242,N,P,5,0.5,0.5,0.287
0.9982693294370354,0.0017306689004366034,1.6625280775097212e-9,NA,1,SM,243,N,P,6,0,0.25,0.2665
1.0935127963370481e-4,0.9998903755174996,2.7320286674492154e-7,NA,2,SM,246,N,P,6,0,1,0.2815
3.5692735316420137e-44,0.9999994832627422,5.167372577000535e-7,NA,2,SM,268,N,P,6,0,2.5,0.224
0,0.9999974110830522,2.588916947781654e-6,NA,2,SM,1071,N,P,6,1,0,0.3425
0,0.9999956430836829,4.356916317096077e-6,NA,2,SM,239,N,P,6,1,1,0.3865
0.9963359031640143,0.0036640909565427197,5.879442970135491e-9,NA,1,SM,249,N,P,7,0,0.25,0.176
0.9923504777004598,0.007649461147657941,6.115188210498404e-8,NA,1,SM,1093,N,P,7,0,0,0.3695
1.4117811663055813e-9,0.9999995397782255,4.588099934425152e-7,NA,2,SM,1117,N,X,7,0,1.25,0.325
1.260937499177949e-44,0.9999973062492064,2.693750793672521e-6,NA,2,SM,1078,N,P,7,0,2.5,0.32899999999999996
0,0.9999996081730212,3.918269788755892e-7,NA,2,SM,1098,N,P,7,0.5,1.5,0.2825
6.89168560860104e-8,0.9999994312322775,4.998508663338646e-7,NA,2,SM,244,N,P,9,0,1,0.3205
0,0.9999996446674836,3.5533251635594687e-7,NA,2,SM,1111,N,X,10,0.5,0.5,0.2505
0,0.9999963657380098,3.634261990133626e-6,NA,2,SM,263,N,P,10,1.5,0.5,0.35050000000000003
0,0.9999995693483212,4.306516786611846e-7,NA,2,SM,260,N,P,11,0.5,1.25,0.3245
0,0.9999995468365515,4.531634486636448e-7,NA,2,SM,1113,N,P,11,0.5,2,0.2455
0,0.9665076348421241,0.03349236515787591,NA,2,SM,1091,N,P,11,1,0,0.6074999999999999
0,0.9999953302357076,4.669764292432328e-6,NA,2,SM,1112,N,P,11,1,1.5,0.384
0,0.9999990718145633,9.281854367924796e-7,NA,2,SM,1092,N,P,11,1,1,0.34199999999999997
0,0.9999818732175018,1.812678249824761e-5,NA,2,SM,258,N,P,12,1,0.75,0.46
0,0.9999381440933026,6.185590669734466e-5,NA,2,SM,1082,N,P,12,2,0,0.454
1.0625107987401972e-9,0.9999958125461916,4.186391297730351e-6,NA,2,SM,254,N,P,13,0,0.25,0.33499999999999996
0,4.624222575450377e-103,1,NA,3,SM,1121,N,X,14,5.5,6,1.485
0,1.9097556670934258e-29,1,NA,3,SM,283,N,X,14,6,2,0.8055
0,3.151432523327383e-91,1,NA,3,SM,1134,N,X,14,6,3,1.616
9.490332320331311e-19,0.9999933727939023,6.627206097618071e-6,NA,2,SM,271,N,P,16,0,0,0.252
8.104464037360343e-35,0.9999996579575381,3.4204246195905024e-7,NA,2,SM,275,N,P,16,0,1.5,0.2315
0,2.368557052118106e-55,1,NA,3,SM,1118,N,X,16,5,7,0.7250000000000001
0,1.6823718718656883e-63,1,NA,3,SM,1133,N,X,18,6.5,4,1.16
0,0.9999845670969729,1.5432903026950316e-5,NA,2,SM,1089,N,P,20,2,1,0.2915
0,2.6964405384236535e-80,1,NA,3,SM,1123,N,X,20,6,4,1.4295
0,1.5216263958793616e-125,1,NA,3,SM,1127,N,X,20,7,6.5,1.537
0,5.382255621163032e-40,1,NA,3,SM,1132,N,X,21,5,2.5,1.14
0,9.354682585579474e-81,1,NA,3,SM,285,N,X,22,4.5,7,1.2215
0,1.13603080291661e-81,1,NA,3,SM,1125,N,X,22,6.5,2.5,1.5475
0,2.1856872736311848e-91,1,NA,3,SM,1130,N,X,24,8.5,4,1.2985
0,1.2011383303817417e-78,1,NA,3,SM,280,N,X,25,3.5,2,1.618
0,3.983546704750394e-157,1,NA,3,SM,1103,N,X,26,7.5,5,1.929
0,5.413568570613932e-91,1,NA,3,SM,1105,N,X,27,4.5,1.5,1.744
0,1.8051631904790433e-61,1,NA,3,SM,1122,N,X,27,6,5,1.088
0,1.4194346639253967e-66,1,NA,3,SM,282,N,X,29,4.5,4,1.3645
0,3.130275505459597e-140,1,NA,3,SM,288,N,X,29,6,7.5,1.6415
0,3.39111200088806e-71,1,NA,3,SM,1131,N,X,30,5,4,1.3935
0,1.573499206093921e-260,1,NA,3,SM,1106,N,X,30,13.5,7.5,1.79
0,5.095435916281231e-78,1,NA,3,SM,284,N,X,38,5,1.5,1.614
0,1.4608000288576435e-47,1,NA,3,SM,1124,N,X,39,6,2.5,1.1829999999999998
0,7.568325187168851e-48,1,NA,3,SM,278,N,X,44,4,0.75,1.332
0,1.0333136613025375e-105,1,NA,3,SM,1126,N,X,60,5,3.5,1.655
0,6.800138139650749e-140,1,NA,3,SM,281,N,X,63,3.5,6.5,1.684
