gene.length,n
2387.6,5
1327.8,5
2520,5
2114.4,5
3146.2,5
2251.6,5
2199.6,5
2170.2,5
1647,5
3693.8,5
2482.2,5
1470.2,5
1542.4,5
2679,5
3064.8,5
2299.8,5
1895.6,5
3210.2,5
3263.6,5
2207,5
2336.4,5
2891.6,5
1891.8,5
2688.6,5
2093,5
2223.6,5
2352,5
1959.4,5
2505.8,5
2627.2,5
2626.2,5
3205.4,5
1910,5
3069,5
1602,5
1534.8,5
2540.8,5
2266.6,5
2870,5
2209,5
2132.4,5
1687,5
2147.8,5
3609.6,5
1813.4,5
3557,5
4044.8,5
3165.6,5
2468,5
2363.6,5
3066.2,5
2736,5
2231.2,5
2850.6,5
2232,5
1435.4,5
2867.8,5
2671.4,5
1685.2,5
2653.6,5
2143.4,5
2476,5
4942,5
3358,5
2628,5
2055.8,5
2980.8,5
2477.8,5
2158.8,5
2766.8,5
2177.8,5
2724,5
2649.6,5
2527,5
2208.4,5
3063.6,5
3439.8,5
4821,5
2504.4,5
2866.4,5
2835,5
4346.6,5
3145.4,5
2438.6,5
2243.4,5
1663.4,5
3531.4,5
2445,5
5734.2,5
1577.8,5
2058.2,5
2312.6,5
2457.2,5
2598,5
1315.8,5
3955.4,5
2375.8,5
2566.4,5
2060,5
3030.2,5
2603.6,5
2599.2,5
2654.6,5
3787.8,5
2468.4,5
2197,5
2793.8,5
4138.6,5
3171.2,5
2497,5
2450.6,5
2136.8,5
2127,5
2707.2,5
2175.8,5
2169.6,5
1669.4,5
1646,5
2169,5
2787.8,5
2306.4,5
2539.4,5
2802.2,5
2581.4,5
2423,5
3593.8,5
2983.6,5
3541.2,5
1655.2,5
4895.2,5
3566.8,5
2054,5
3718.4,5
2844.8,5
2453.6,5
2242.2,5
519.8,5
1962.6,5
2177.4,5
2426.2,5
3575.6,5
2036.8,5
2826.8,5
1709.2,5
2774,5
1957,5
2079.6,5
2275,5
2709.6,5
3384.2,5
4498,5
1705.6,5
3271.4,5
2269.8,5
2610.6,5
2414.2,5
1814,5
1571.2,5
3483,5
3918.6,5
1807.2,5
3062.4,5
3145.6,5
2548.4,5
2185.4,5
2469,5
3920.4,5
1408.4,5
1182.2,5
2454.2,5
4749.2,5
2085.8,5
2148.4,5
2852.6,5
2123,5
2081.2,5
2281.6,5
2649.8,5
2050,5
1434.4,5
1491.2,5
2841.8,5
2267.4,5
1951.6,5
1924,5
1024.4,5
2433,5
2834.2,5
1543,5
2162.8,5
2328.6,5
2932.4,5
1699,5
3011.4,5
2278,5
2831.2,5
2390.4,5
3248.4,5
1493.4,5
3302.8,5
2273.2,5
3133.6,5
3691.6,5
2028,5
3221.6,5
1862.6,5
3518.6,5
3595,5
2253.6,5
2703,5
2024,5
2544.6,5
3144.2,5
3185,5
3957.2,5
3657,5
2338.2,5
2330.6,5
1811.2,5
2062.8,5
2195.4,5
2345,5
2077,5
2569.2,5
2106.4,5
2656.8,5
1918.6,5
6599.8,5
1333.4,5
2175.4,5
2101.6,5
2351.8,5
1719.8,5
2137.6,5
2663.6,5
3452.4,5
4338.4,5
2893.2,5
2215,5
1957,5
1685.2,5
2227.8,5
3086,5
3023.6,5
3707.4,5
3043.4,5
2404,5
4971.6,5
3190,5
2362.4,5
2127.6,5
2809.8,5
3052,5
2855.2,5
3895.4,5
3282.4,5
2355.4,5
6938.4,5
4721.8,5
3070.6,5
2691.8,5
3204.4,5
2311.8,5
2200.6,5
2358,5
1727.2,5
3130.4,5
3951.2,5
3899,5
3025.4,5
2572.4,5
2150.8,5
1529.8,5
2715,5
1423.2,5
2428.6,5
3855,5
2242.2,5
2148.4,5
1953.4,5
1938.6,5
2455.4,5
3594.6,5
1330,5
2630.4,5
4836,5
3522.8,5
4101.8,5
1868.6,5
3841.6,5
2625,5
3866.2,5
1604.8,5
1673.4,5
1628.6,5
2031,5
2980.4,5
2881.4,5
2520.6,5
2953.4,5
2823.4,5
2182,5
1738.4,5
2846.8,5
1853.2,5
1907.6,5
3107.8,5
1770.8,5
2409.4,5
2005.6,5
2405.4,5
3305.6,5
1907.6,5
3032,5
1682,5
1342.8,5
2815.4,5
2660.2,5
1623,5
3473.2,5
3584.4,5
1908.2,5
3261.6,5
4832,5
3250,5
1362.6,5
2124.2,5
2416,5
2004.6,5
2173.4,5
2644.4,5
1399.2,5
2500.2,5
2788.8,5
1496.2,5
4536.2,5
1794,5
1796.4,5
1792.8,5
3424.2,5
1670.2,5
1399.6,5
1400.6,5
1947.6,5
2268,5
3758.6,5
2025,5
2191.2,5
3551.4,5
2427.6,5
2088.4,5
1607,5
1847.2,5
4473.6,5
2295.2,5
2336.2,5
2427.2,5
3429.2,5
2592.6,5
3034.6,5
1291.4,5
2316,5
1790.6,5
3118.4,5
2187,5
2288,5
2420.6,5
2410.2,5
4034.8,5
2857.2,5
2581.2,5
3067.4,5
2305,5
1482,5
2590,5
2357.6,5
2704.4,5
1579.8,5
3847.6,5
2272.4,5
1359.4,5
1857.8,5
1920,5
3025.8,5
2668.4,5
1955.2,5
22399,5
2491.2,5
1545,5
2769.8,5
2348,5
1381,5
1924.4,5
1888,5
2033,5
1909.4,5
3778.6,5
2947.6,5
1624.8,5
1968,5
2804.8,5
4149.8,5
2986.6,5
2894.6,5
1148.2,5
1916,5
3430.6,5
2206.4,5
2943,5
2499.8,5
2288.2,5
2480.4,5
4044.4,5
3309.6,5
2382.2,5
3168.4,5
2744,5
1744,5
3459.8,5
3379.6,5
2695,5
1337.4,5
2471.8,5
1689.2,5
1759.2,5
2259.8,5
4354.4,5
2562,5
1979.2,5
1858.8,5
1678.6,5
3420,5
1349.2,5
3712,5
1405.6,5
2360.6,5
2929.2,5
3102.2,5
2032.8,5
3190.6,5
2869.8,5
2913.2,5
2570.8,5
4493.4,5
4943.8,5
2043.6,5
2184.2,5
2510.2,5
2502.8,5
3096.8,5
2279.4,5
2782,5
1685.2,5
2671.8,5
2653,5
1812,5
2994,5
3395,5
4201.6,5
2895.4,5
1105.2,5
2782.8,5
2909.6,5
2457.4,5
3238.2,5
3361,5
3994.6,5
2788.8,5
1908.6,5
3089.4,5
1923.8,5
1822.6,5
3098.2,5
1653,5
2701.4,5
4019.2,5
2816.4,5
2621.8,5
2324.2,5
4024.6,5
3691,5
2091.8,5
1739.4,5
4710,5
1946,5
2351.6,5
3225.4,5
3829.8,5
2946.6,5
3177.4,5
2437.6,5
1453,5
1935,5
1802,5
3729.2,5
2967,5
3592.8,5
2860.4,5
2894.2,5
2466.6,5
2992.2,5
3029.8,5
2080.4,5
4998,5
2969.8,5
2657.2,5
3536.4,5
3525.2,5
4091.4,5
2262.6,5
2842.2,5
2434,5
3097.2,5
1832.8,5
2823,5
2362,5
1840.2,5
2617.2,5
2398,5
2560.6,5
3718.6,5
4037.4,5
2593.6,5
2046.4,5
2966.4,5
2155.6,5
6344.8,5
3175,5
4374.2,5
4321.4,5
3367.6,5
2102,5
2594.8,5
3118.4,5
3071.6,5
3774.2,5
1859,5
3214,5
1987,5
2033,5
2317.6,5
4281.2,5
2003.2,5
3983.8,5
2575,5
3273,5
2359.8,5
1711.4,5
1357.8,5
2485.4,5
1904.4,5
2618,5
1614,5
2197.8,5
3226.2,5
1851.2,5
2085,5
2853.4,5
1529.2,5
2648.4,5
2257.4,5
3602,5
4235.6,5
4048.6,5
1293,5
1803.8,5
2036,5
1961,5
3810.6,5
4335.2,5
1668,5
2227.4,5
3733.6,5
1955.2,5
2690.4,5
2086,5
3397.4,5
3424,5
3242.2,5
2157.6,5
1724,5
5033.8,5
3248.4,5
2671.8,5
2398.6,5
2902.2,5
3448.4,5
3204.4,5
2322.4,5
3969,5
1824.4,5
2115.8,5
2918,5
2871.6,5
1949.2,5
2111.6,5
964.2,5
4286.8,5
2322.4,5
2070,5
1711.2,5
3026.4,5
1784.4,5
2102.6,5
2756.4,5
3523.8,5
2373.2,5
1957.6,5
2296.4,5
2041.6,5
3034.4,5
3271.4,5
1955.4,5
3540.6,5
2408.2,5
2762.6,5
3874.2,5
2638.2,5
1544.8,5
2236.4,5
2948,5
1008.4,5
2422.2,5
2205.4,5
1828.4,5
1581.2,5
2206.8,5
3486.6,5
2918.4,5
3471.4,5
2421.2,5
2903.4,5
2404.8,5
1562.2,5
2524,5
2788.4,5
2854.6,5
1491.8,5
1973,5
2108.6,5
6451,5
2393.4,5
2934.8,5
3414.6,5
2671,5
1215,5
2225.8,5
1657,5
2028.6,5
3197.4,5
2676.2,5
2021.4,5
2620.8,5
2890.8,5
1894.6,5
3044,5
3514,5
2774.6,5
2527.2,5
6718.4,5
1877,5
2433.2,5
4891.2,5
1993.8,5
2907.4,5
2755.8,5
2876.8,5
3306.8,5
2819,5
2848,5
1879,5
3680,5
2227,5
1755,5
2779.6,5
1769.8,5
2063.6,5
3690.6,5
2837.4,5
2418.6,5
2801,5
1549.6,5
2520.8,5
1374.2,5
3952.6,5
2588.4,5
4334.6,5
3193,5
3079.6,5
2404.8,5
1926.8,5
2942.8,5
5583.8,5
1937.4,5
2299.6,5
1667.4,5
3806.2,5
3048.6,5
3518.8,5
3020.2,5
2963.8,5
1379.6,5
3046.8,5
1675,5
2481.8,5
3008.8,5
2353.8,5
3472.8,5
1906.8,5
2569,5
1595.6,5
3262.2,5
2704,5
3927.2,5
3141,5
3286.8,5
2117.6,5
1947.6,5
2620.8,5
2125.4,5
3229,5
2200.6,5
3185,5
2102,5
2136.6,5
1796.4,5
2274.8,5
4095.8,5
2323.2,5
3403.8,5
2336.6,5
3398.2,5
2537.8,5
2486,5
3423.4,5
4001.8,5
2201.8,5
1642,5
3267,5
3416.6,5
1846.2,5
2077.2,5
2821,5
3419.2,5
2722.6,5
1716.6,5
4012.6,5
4495.4,5
3349,5
1675,5
2612.2,5
2652.2,5
3622.4,5
1913.8,5
2504.8,5
3950.2,5
1756.6,5
3035.6,5
3522.2,5
1651,5
2067.2,5
3300.4,5
2097.6,5
2809.4,5
2469.6,5
1856.6,5
2177.8,5
2969.4,5
2453.4,5
2236.4,5
2056,5
3703,5
1311.4,5
2459,5
1877.2,5
2840.6,5
3144.2,5
3502,5
4226,5
2953,5
4321,5
2283.4,5
2746,5
2432.2,5
2922.2,5
2020.8,5
2309.2,5
2181.8,5
2656.8,5
2213,5
3351.2,5
2006.4,5
1752.4,5
2786.4,5
2464.4,5
2710.6,5
1881.4,5
1578,5
3844.2,5
2156.8,5
2415,5
1977.2,5
2634.2,5
2526.6,5
1951,5
2532,5
2635.4,5
3436.8,5
3595,5
3535.6,5
2269.6,5
2948,5
3358,5
3569.8,5
2568.8,5
2364.2,5
1915.4,5
1960.6,5
2065,5
1888.8,5
3475.2,5
2149.2,5
2610,5
3405,5
1664.6,5
2479.8,5
2693.8,5
1505.4,5
3291,5
3028.8,5
3472.6,5
2906.6,5
2724.6,5
2190.8,5
2149.6,5
3192.2,5
3150.2,5
1944,5
3436.4,5
3779.6,5
1094.8,5
2922.4,5
2095.8,5
1558,5
4289.4,5
2100,5
2787.6,5
2281.6,5
2483.8,5
3766,5
3689.2,5
3123.6,5
1880,5
3287.8,5
4025.8,5
1999.6,5
2812.6,5
1589.6,5
2767.8,5
2544.2,5
2655.4,5
1917,5
2282.8,5
2945.4,5
3320.4,5
1944.8,5
4168.6,5
1874.6,5
2138.8,5
3241.6,5
2273.2,5
2508,5
2888.8,5
1327,5
2181.2,5
3371.4,5
3345.2,5
1648.4,5
1681.6,5
3375.8,5
2375.8,5
3756,5
2645.8,5
2687.4,5
2066,5
1670,5
1611.8,5
4307.4,5
3910.2,5
3207.8,5
2311.6,5
3107,5
3053.8,5
4703,5
2132.4,5
2742.6,5
3195.6,5
1996,5
1094.8,5
2610,5
2123,5
1740.8,5
2807.8,5
3336,5
4396.8,5
3156.4,5
2539.8,5
2236.2,5
2416.8,5
2216.4,5
2849,5
2924.8,5
1183.4,5
3733.8,5
2475.8,5
2529.2,5
2261,5
2189.4,5
2734.2,5
2475.4,5
1837.6,5
2208.4,5
2429.2,5
2540.8,5
1337.2,5
1889.8,5
1913.4,5
2974.8,5
3244.2,5
3604,5
2288.4,5
2897,5
3823.2,5
3419,5
1704.2,5
3741,5
2338.2,5
2757.8,5
3119.6,5
2698.8,5
3052.2,5
1571,5
1679.8,5
2546.2,5
1076,5
2091.8,5
2408.4,5
4324.6,5
2145,5
2142.8,5
3706.2,5
3263,5
2298,5
2826,5
2448.6,5
2576.8,5
2605.8,5
2696.4,5
1974.2,5
1889.8,5
2526.2,5
3079,5
2780,5
1681,5
3258.2,5
1485.6,5
2746.6,5
1431.4,5
2035.2,5
1850.4,5
1936.2,5
3031.4,5
2217.8,5
1092.2,5
2076.6,5
1901.4,5
1666.8,5
2311.6,5
2730.6,5
1507.6,5
2176,5
2407.2,5
2712.8,5
2365.2,5
2110.2,5
1994.6,5
1999.8,5
2225.2,5
2353.4,5
3528.8,5
1476.6,5
2532.2,5
3358,5
3256.6,5
1126.2,5
1317.4,5
2206.6,5
2714.2,5
2768.8,5
1978.4,5
2886.3,30
2433.233333333333,30
2808.633333333333,30
3133.5666666666666,30
2928.4,30
2093.233333333333,30
1974.4333333333334,30
3307.6,30
2711,30
2937.6666666666665,30
2986.3333333333335,30
2266.3,30
2752.5666666666666,30
2299.1,30
2399.766666666667,30
2681.133333333333,30
3066.266666666667,30
3480.866666666667,30
2452.266666666667,30
2527.4,30
2071.9333333333334,30
2621.233333333333,30
2257.366666666667,30
2662.766666666667,30
3019.9,30
2646.633333333333,30
3237.266666666667,30
2093.6666666666665,30
2268.5666666666666,30
2581.0666666666666,30
2221.4666666666667,30
2989,30
2044.3333333333333,30
2333.6,30
2816.1,30
2560.3,30
2842.266666666667,30
3092.733333333333,30
2895.266666666667,30
3294,30
2657.8333333333335,30
2691.866666666667,30
2581.9,30
2634.133333333333,30
2814.5,30
2109.1666666666665,30
2057.8333333333335,30
2217.6,30
2465.6,30
2676.266666666667,30
2901.4333333333334,30
2822.6666666666665,30
2633.766666666667,30
3262.7,30
2181.8,30
2145.1,30
2948.8,30
2417.733333333333,30
3378.4,30
2753.6,30
2466.133333333333,30
2393.3,30
2424.633333333333,30
2903.766666666667,30
2563.266666666667,30
1996.6666666666667,30
2497.9666666666667,30
3095.4,30
2570.9666666666667,30
2486.266666666667,30
2590.633333333333,30
2141.233333333333,30
2645.266666666667,30
2354.5333333333333,30
3245.8333333333335,30
2844.866666666667,30
2240.733333333333,30
2844.6666666666665,30
2585.4666666666667,30
3725.3333333333335,30
2881.7,30
2852.9,30
2417.9333333333334,30
2171.0333333333333,30
2521.633333333333,30
2557.133333333333,30
2900.1666666666665,30
2636.0333333333333,30
2543.366666666667,30
3188.6,30
2523.7,30
2682.366666666667,30
2415,30
2198.866666666667,30
2333.1,30
2919.9333333333334,30
2075.133333333333,30
2799.233333333333,30
2311.6,30
2710.366666666667,30
2628.9,30
2740.633333333333,30
2362.6666666666665,30
2441.3333333333335,30
2303.733333333333,30
2431.6,30
2592.0333333333333,30
1902.3333333333333,30
2633.366666666667,30
2537.9666666666667,30
2962.9333333333334,30
2518.6666666666665,30
2738.366666666667,30
2594.9,30
2295.4666666666667,30
2842,30
2791.9333333333334,30
2344.2,30
2496.5333333333333,30
2342.133333333333,30
2712.4666666666667,30
2495.9,30
2334.7,30
2517.5666666666666,30
2611,30
2173.0333333333333,30
2428.233333333333,30
2450.266666666667,30
2816.633333333333,30
2228.2,30
2576.3,30
2276.9333333333334,30
2623.9666666666667,30
2867.4,30
2348.1666666666665,30
3116.4666666666667,30
2554.4666666666667,30
2405.3,30
2481.233333333333,30
2530.4,30
2413.1,30
3217.5333333333333,30
2074.366666666667,30
2687.0666666666666,30
2661.3,30
2725.266666666667,30
2067.3333333333335,30
2522.733333333333,30
2035.1333333333334,30
2820.6,30
2655.4666666666667,30
2512.5,30
2811.366666666667,30
2704.366666666667,30
2704.266666666667,30
2887.4333333333334,30
2359.2,30
2212.1666666666665,30
2463.3,30
2158.4333333333334,30
2516.9333333333334,30
2981.133333333333,30
2235.7,30
3006.366666666667,30
3018.6666666666665,30
2370.266666666667,30
2568.366666666667,30
2367.866666666667,30
2514.2,30
2885.5333333333333,30
2431.8,30
2731.733333333333,30
2980.8,30
2098.4,30
2862.8,30
2633.233333333333,30
3199.766666666667,30
2819.266666666667,30
2409.6,30
2688.6,30
2542.4333333333334,30
3162.2,30
2627.766666666667,30
2548.2,30
2688.4666666666667,30
2589.6,30
2342.2,30
2349.4,30
2706.1,30
2896.9333333333334,30
2446.8,30
2640.766666666667,30
2578.5,30
2430.8333333333335,30
2025.1333333333334,30
2973.4,30
2492.366666666667,30
2542.4333333333334,30
2365.0333333333333,30
2664.8,30
2634.366666666667,30
2315.5333333333333,30
2678.7,30
2307.233333333333,30
2718.2,30
2511.4,30
3048.4,30
2253.633333333333,30
2176.7,30
3131.766666666667,30
2191.6,30
2341.5,30
2766.9333333333334,30
2471.733333333333,30
2547.366666666667,30
2361.9,30
3050.0666666666666,30
2636.233333333333,30
3541.233333333333,30
3246.766666666667,30
3584.233333333333,30
2662.0666666666666,30
2784.5,30
2642.633333333333,30
2448.1666666666665,30
2223.1,30
2670.3,30
2715.733333333333,30
2580.733333333333,30
2254.1666666666665,30
3096.5666666666666,30
2747.5,30
2718.266666666667,30
2858.4666666666667,30
2067.0666666666666,30
2577.9333333333334,30
3039.4,30
2060.266666666667,30
2420.3333333333335,30
2446.4666666666667,30
2662.4666666666667,30
2310.0666666666666,30
2292.4666666666667,30
2425.4,30
2655.7,30
2130.3333333333335,30
2456,30
2740.4333333333334,30
2207.133333333333,30
3324.1666666666665,30
2153.6,30
2883.9666666666667,30
2441.9333333333334,30
1862.9,30
2840.733333333333,30
2974.233333333333,30
2774.4666666666667,30
2388.633333333333,30
2840.766666666667,30
2312.2,30
2252.4666666666667,30
1912.8666666666666,30
2604.133333333333,30
2844.2,30
2440.8,30
2443.133333333333,30
3066.5333333333333,30
2280.5666666666666,30
2784.766666666667,30
2628.4333333333334,30
2873,30
2643.1666666666665,30
2759.6,30
2047.4,30
2766.9,30
2346.5666666666666,30
2599.1,30
2617.3,30
2318.4333333333334,30
2605.9333333333334,30
2652.3,30
2400.733333333333,30
2897.4333333333334,30
2592.233333333333,30
2767.233333333333,30
2070.5666666666666,30
2571.766666666667,30
2521.5666666666666,30
2205.6666666666665,30
3028.3,30
2907.5333333333333,30
3053.3333333333335,30
2246.233333333333,30
3298.6666666666665,30
2520.9666666666667,30
2433.9,30
2731.1666666666665,30
2187.6666666666665,30
2635,30
3151.633333333333,30
2953.0333333333333,30
2028.7333333333333,30
2488.8333333333335,30
3065.4666666666667,30
2449.1,30
2835.133333333333,30
2525.9666666666667,30
2399.1666666666665,30
2771.9333333333334,30
3087.8333333333335,30
2741.5,30
1726.7333333333333,30
1984.3666666666666,30
2375.8,30
1952.7333333333333,30
2615.733333333333,30
3027.0333333333333,30
2242.866666666667,30
3061.3,30
2419.9666666666667,30
2444.366666666667,30
2401.6666666666665,30
2735.266666666667,30
2689.7,30
2444.9333333333334,30
2920.5666666666666,30
2693.8,30
2669.8,30
2110.866666666667,30
2419.4666666666667,30
2289.766666666667,30
2775.0666666666666,30
2744.766666666667,30
2738.6,30
3265.633333333333,30
2745.6,30
2206.3333333333335,30
2252.366666666667,30
3060.9333333333334,30
2789.4666666666667,30
2301.1,30
2411.0666666666666,30
2165.766666666667,30
2507.266666666667,30
2784.6,30
3012.6,30
2559.8333333333335,30
3011.8333333333335,30
2641.8,30
2590.2,30
2681.9666666666667,30
2555.233333333333,30
2143.8333333333335,30
2552.9666666666667,30
3056.233333333333,30
2895.5,30
2611.633333333333,30
2712.7,30
2757.6666666666665,30
2697.0333333333333,30
2694.866666666667,30
2422.1666666666665,30
2538.8,30
2231.233333333333,30
2582.4666666666667,30
2988.0333333333333,30
2823.6,30
3203.5666666666666,30
2615.366666666667,30
2575.4333333333334,30
2152.5666666666666,30
1809.5666666666666,30
2377.9,30
2874.4,30
2661.133333333333,30
2906.4333333333334,30
3142.4666666666667,30
2344.5,30
2241.733333333333,30
2353.233333333333,30
2015.8666666666666,30
2321.633333333333,30
3052,30
2614.6,30
2417,30
2487.3333333333335,30
2232.133333333333,30
2377.233333333333,30
2317.133333333333,30
2553.3,30
2322,30
2665.6,30
2661.633333333333,30
2400.233333333333,30
2905.9666666666667,30
2512.8,30
2390.4333333333334,30
2273.3,30
2557.9333333333334,30
2133.6666666666665,30
2687.0333333333333,30
3319.4,30
2591.1,30
2833.6666666666665,30
2043.9333333333334,30
2942.266666666667,30
2741.4333333333334,30
2384.7,30
2140.633333333333,30
2399.5666666666666,30
2454.9333333333334,30
3105.5333333333333,30
2811.7,30
2736.7,30
2385.9333333333334,30
2372.2,30
2690.4666666666667,30
2443.266666666667,30
2643.5333333333333,30
3073.4333333333334,30
2726.9333333333334,30
2404.6666666666665,30
2553.633333333333,30
2850.766666666667,30
2246.6,30
2743,30
2376.4333333333334,30
2770.0333333333333,30
2666.4,30
2427.4666666666667,30
2012.7666666666667,30
2701.733333333333,30
2743.633333333333,30
2753.0333333333333,30
2440.1,30
2397.9333333333334,30
2268.266666666667,30
2288.233333333333,30
3264.4,30
2406.7,30
2671.233333333333,30
3101.3,30
3344.0666666666666,30
2829.1666666666665,30
2057.0666666666666,30
2355.233333333333,30
2456.366666666667,30
2898.633333333333,30
2467.9,30
2438.866666666667,30
3563.2,30
2855.0333333333333,30
2841.5666666666666,30
2829.3,30
2497.3,30
2415.5666666666666,30
2620.866666666667,30
2508.6,30
2443.8333333333335,30
2552.8333333333335,30
2462.1,30
2437.633333333333,30
3121.0333333333333,30
2427.4666666666667,30
2696.866666666667,30
2648.4,30
2513.366666666667,30
3384.1666666666665,30
2933.9333333333334,30
3049.4,30
2661.1,30
2672.266666666667,30
2384.266666666667,30
2856.8,30
2599.366666666667,30
2487.1,30
2546.5333333333333,30
2948.4,30
2529.5333333333333,30
1997.8666666666666,30
2559.9333333333334,30
3305.4666666666667,30
2700.733333333333,30
2469.5333333333333,30
2566.3333333333335,30
2627.5333333333333,30
3142.3,30
3076.9,30
2607.8333333333335,30
2423.133333333333,30
2875.3,30
2870.8333333333335,30
2711.9666666666667,30
2798.9666666666667,30
2903.4666666666667,30
2574.3,30
2514.733333333333,30
2736.866666666667,30
2827.4,30
2573.3,30
3035.9,30
3368.2,30
2601.4,30
2676.7,30
3375.6666666666665,30
2686.1,30
2904,30
2185.5666666666666,30
2007.9333333333334,30
2099.5,30
2288.266666666667,30
2408.133333333333,30
2642.733333333333,30
2079.4,30
2946.5,30
2358.1,30
2521.1666666666665,30
3556.8333333333335,30
2421.1666666666665,30
2321.766666666667,30
2527.8333333333335,30
2939.266666666667,30
2375.366666666667,30
2534.3333333333335,30
2669.5,30
2639.4666666666667,30
2480.3,30
2490.3,30
2731.733333333333,30
2380.266666666667,30
2203.733333333333,30
2522.9,30
2061.866666666667,30
2618.5,30
2551.1666666666665,30
1811.7,30
2986.866666666667,30
3195.3333333333335,30
2692.8333333333335,30
2658.0666666666666,30
2377.133333333333,30
2573.2,30
5889.033333333334,30
2494.1,30
1820.4333333333334,30
2399.9666666666667,30
2734.5666666666666,30
2622.233333333333,30
2611.133333333333,30
2722.5333333333333,30
3296.0666666666666,30
3425.4666666666667,30
3871.6,30
2736.1666666666665,30
3039.133333333333,30
2372.266666666667,30
2411.233333333333,30
2701.0333333333333,30
2395.6666666666665,30
2872.366666666667,30
1873.3,30
3066.0666666666666,30
2581.0666666666666,30
2198.0333333333333,30
2346.366666666667,30
2438.9,30
2804.3,30
2150.0666666666666,30
2591.9333333333334,30
2506.0333333333333,30
2981.0666666666666,30
2705.6666666666665,30
2727.5,30
2858.366666666667,30
2577.633333333333,30
2393.5666666666666,30
3297.233333333333,30
2818.8333333333335,30
2582.5,30
2500.4666666666667,30
2516.6666666666665,30
2434.366666666667,30
2941.0666666666666,30
2757.866666666667,30
2467.4,30
2571.866666666667,30
2090.0333333333333,30
2165.5,30
2138,30
2962.7,30
1811.3,30
2632.8,30
2844,30
3123.0666666666666,30
2870.366666666667,30
2913.6666666666665,30
2839.9,30
2588.5666666666666,30
2144.5,30
3068.366666666667,30
2797.4333333333334,30
2605.0666666666666,30
2628.2,30
2911.4333333333334,30
3211.0333333333333,30
2480.9666666666667,30
2698.5,30
2538.4666666666667,30
2318.266666666667,30
2927.9333333333334,30
2587.7,30
3097.9,30
2223.1,30
3200.0666666666666,30
2831.1666666666665,30
2262.2,30
2607.8333333333335,30
3106,30
2811.5,30
3037.1,30
2563.133333333333,30
2652.5666666666666,30
2832.1,30
2704.1,30
2666.3,30
2220.233333333333,30
2558.866666666667,30
1961.4,30
2458.6666666666665,30
2631.866666666667,30
2207.9666666666667,30
2540.233333333333,30
2258.233333333333,30
2993.766666666667,30
2833.366666666667,30
2211.9666666666667,30
2231.6666666666665,30
1951.9,30
2893.4,30
2739.266666666667,30
2184.7,30
1975.5666666666666,30
2245.1,30
2423.4,30
2964.4333333333334,30
1988.3666666666666,30
2731.5,30
2784.866666666667,30
2280.5,30
2380.9666666666667,30
3376.766666666667,30
2716.4333333333334,30
2662.6666666666665,30
2921.4,30
2288.7,30
2659.733333333333,30
2583.5333333333333,30
2494.233333333333,30
2988.133333333333,30
2873,30
2507.866666666667,30
2341.266666666667,30
2523.9,30
2389.8333333333335,30
2180.5,30
2366.5333333333333,30
2544.4333333333334,30
3127.8,30
2520.1666666666665,30
2403.6666666666665,30
2207.3,30
3172.133333333333,30
2491.366666666667,30
2474.0666666666666,30
2572.2,30
2472.0666666666666,30
2461.366666666667,30
2054.1666666666665,30
2277,30
3093,30
2267.766666666667,30
2644.7,30
2584.9333333333334,30
2520.6666666666665,30
2998.366666666667,30
3010.133333333333,30
2540.266666666667,30
3159.3,30
2462.866666666667,30
2740.0666666666666,30
2423.9666666666667,30
2242.5666666666666,30
2791.233333333333,30
2591.633333333333,30
2175.6,30
2450.4,30
2349.1666666666665,30
2621.8,30
2578.5666666666666,30
2906,30
2060.6666666666665,30
2342.9333333333334,30
2835.9,30
2658.5,30
2127.766666666667,30
3185,30
2730.8333333333335,30
2332.4,30
2122.8,30
2096,30
2606.9333333333334,30
3138.4666666666667,30
3120.3333333333335,30
2685.4,30
2473.4333333333334,30
2426.4666666666667,30
3179.8,30
2520.8,30
3007.1,30
2464.7,30
2717.3333333333335,30
3031,30
2671.0666666666666,30
2675.5666666666666,30
2188.733333333333,30
1884.9666666666667,30
2717.5666666666666,30
3308.8,30
3075.4666666666667,30
2056.9666666666667,30
2519.5666666666666,30
2884.4666666666667,30
2617.4333333333334,30
2507.8333333333335,30
2395.8,30
2510,30
2130.5,30
2418,30
1887.7333333333333,30
2371.366666666667,30
2424.9,30
2647.9333333333334,30
2851.9666666666667,30
2370.4,30
2572.6,30
2974.3333333333335,30
2908.5,30
2134.2,30
2662.8,30
2570.0666666666666,30
2288.5333333333333,30
2846.8,30
2062,30
3041.3,30
2423.633333333333,30
2558.633333333333,30
2108.233333333333,30
2333.0666666666666,30
2991.366666666667,30
2450.4333333333334,30
3192.0333333333333,30
2852.9,30
2407.5333333333333,30
3034.1,30
1981.8333333333333,30
3005.8,30
2374.5333333333333,30
2499.3333333333335,30
2761.766666666667,30
2398.9333333333334,30
2386.1,30
2435.6666666666665,30
2787.6666666666665,30
2233.633333333333,30
3275,30
2232.4,30
2680,30
2125.1,30
2487.5666666666666,30
2469.1,30
2703.733333333333,30
2472.9666666666667,30
2636.4,30
2543.9666666666667,30
2849.766666666667,30
2744.266666666667,30
2647.866666666667,30
2856.4333333333334,30
2623.2,30
3192.4666666666667,30
2607.4,30
2340.733333333333,30
2400,30
3105,30
2157.2,30
2965.8,30
2761.866666666667,30
2648.0333333333333,30
2373.0333333333333,30
2560.766666666667,30
2051.0333333333333,30
3111.766666666667,30
2133.733333333333,30
2742.0333333333333,30
2297.9333333333334,30
2773.733333333333,30
2291.4666666666667,30
2426.3333333333335,30
3640.9333333333334,30
2239.866666666667,30
2648.8,30
2205.3333333333335,30
2674.733333333333,30
2507.233333333333,30
2603.0333333333333,30
3016.633333333333,30
2442.233333333333,30
2276.1666666666665,30
2370.233333333333,30
2478.266666666667,30
2281.7,30
2052.233333333333,30
3258.1,30
2658.233333333333,30
2602.6666666666665,30
2640.0666666666666,30
2046.7666666666667,30
2762.9333333333334,30
2786.633333333333,30
2102.8,30
3060.5333333333333,30
2511.766666666667,30
2140.8,30
2281,30
2184.6666666666665,30
2702.6666666666665,30
2181.1666666666665,30
2106.733333333333,30
2210.6666666666665,30
2281.733333333333,30
2610.1666666666665,30
2930.2,30
2672.6,30
2658.2,30
2418.266666666667,30
2630.4,30
2261.266666666667,30
2347.5,30
2230.5333333333333,30
2067.766666666667,30
1867.1666666666667,30
2246.5666666666666,30
2221.5333333333333,30
3187.1,30
2646.5,30
3541.9333333333334,30
2626.866666666667,30
2513.766666666667,30
2914.4333333333334,30
2939,30
2704.9333333333334,30
2796.8,30
3850.1666666666665,30
2799.2,30
2422.1666666666665,30
2588.9333333333334,30
2723.4,30
2452.6666666666665,30
2340.1,30
2664.4666666666667,30
2160.8333333333335,30
2891.133333333333,30
2356.766666666667,30
2564.6666666666665,30
2450.3333333333335,30
2392.3,30
2354.4,30
2875.5,30
1787.9,30
3001.8,30
1850.7666666666667,30
2734.866666666667,30
2139.233333333333,30
3093.266666666667,30
2865.766666666667,30
2909.733333333333,30
2174.766666666667,30
2425.266666666667,30
2981.6,30
2667.9333333333334,30
2648.3333333333335,30
2454.6,30
2164.7,30
2831.9333333333334,30
2272.8333333333335,30
2325.1,30
2512.733333333333,30
2694.633333333333,30
2510.6,30
2451.266666666667,30
2324.233333333333,30
2759.866666666667,30
2690.9666666666667,30
3221.9666666666667,30
2602.266666666667,30
2798.5333333333333,30
2419.4333333333334,30
2318.9666666666667,30
2413.9666666666667,30
2255.4333333333334,30
2194.733333333333,30
2398.4,30
2707.6666666666665,30
3066.633333333333,30
2237.8333333333335,30
2607.233333333333,30
3305.633333333333,30
2254.733333333333,30
2689.233333333333,30
2962.133333333333,30
2766.633333333333,30
2666.1,30
2408.366666666667,30
2507.866666666667,30
2523.3333333333335,30
2690.266666666667,30
1893.9,30
3298.7,30
2435,30
3004.1,30
2780.6666666666665,30
2116.9666666666667,30
2264.866666666667,30
2327.4666666666667,30
2938.4666666666667,30
2611.3,30
2591.4,30
1838.5333333333333,30
2812.9333333333334,30
2530.3333333333335,30
2765.9333333333334,30
3034.8333333333335,30
2784.8,30
2343.0333333333333,30
2113.4,30
2700.8,30
2968.366666666667,30
2781.766666666667,30
2315.7,30
2602.766666666667,30
5552.633333333333,30
2512.9,30
3185.2,30
2669.866666666667,30
2298.9666666666667,30
2246.3333333333335,30
2974.1,30
2570.5333333333333,30
3143.0666666666666,30
2459.6,30
2729.633333333333,30
1862.3333333333333,30
2267.866666666667,30
2743.8,30
2454.3333333333335,30
3309.0666666666666,30
3218.266666666667,30
2281.5333333333333,30
3549.7,30
2540.2,30
2406.3333333333335,30
2032.0666666666666,30
2151.4333333333334,30
2171.4,30
2404.3333333333335,30
3039.133333333333,30
3037.5333333333333,30
2625.4666666666667,30
2343.3,30
2818,30
2361.5333333333333,30
2655.766666666667,30
2042.4666666666667,30
2103.266666666667,30
2792.0666666666666,30
2918.7,30
2645.233333333333,30
2301.4666666666667,30
3046.9333333333334,30
3210.3333333333335,30
2947.4333333333334,30
2299.5,30
2463.8333333333335,30
2823,30
2793.4666666666667,30
2104.8333333333335,30
2259.5333333333333,30
2968,30
2409.8333333333335,30
2786.1,30
2549.506,500
2763.048,500
2624,500
2667.434,500
2673.554,500
2500.252,500
2625.428,500
2601.768,500
2576.43,500
2605.306,500
2575.792,500
2521.514,500
2702.468,500
2656.482,500
2591.952,500
2522.174,500
2523.756,500
2624.126,500
2621.764,500
2586.552,500
2598.69,500
2581.542,500
2608.836,500
2844.06,500
2427.274,500
2325.194,500
2810.086,500
2656.056,500
2601.298,500
2594.022,500
2629.33,500
2359.52,500
2657.466,500
2593.658,500
2628.794,500
2534.958,500
2583.222,500
2566.518,500
2573.018,500
2850.6,500
2644.352,500
2560.522,500
2606.656,500
2626.184,500
2607.376,500
2527.7,500
2707.366,500
2545.086,500
2522.076,500
2635.36,500
2437.302,500
2571.834,500
2484.042,500
2682.624,500
2670.294,500
2616.294,500
2609.572,500
2895.828,500
2597.062,500
2698.098,500
2630.23,500
2754.046,500
2652.96,500
2582.742,500
2529.522,500
2503.044,500
2592.394,500
2564.196,500
2700.966,500
2634.81,500
2579.442,500
2530.772,500
2648.948,500
2477.202,500
2555.444,500
2568.974,500
2668.832,500
2772.958,500
2652.262,500
2536.724,500
2680.524,500
2694.922,500
2753.182,500
2651.134,500
2700.832,500
2536.778,500
2718.29,500
2530.808,500
2571.596,500
2661.698,500
2507.316,500
2727.008,500
2437.932,500
2837.836,500
2500.032,500
2541.18,500
2554.32,500
2541.76,500
2660.346,500
2707.86,500
2679.802,500
2578.334,500
2798.346,500
2594.29,500
2671.654,500
2654.2,500
2759.788,500
2601.258,500
2562.118,500
2631.426,500
2529.106,500
2542.318,500
2744.388,500
2561.404,500
2621.856,500
2714.298,500
2569.564,500
2583.608,500
2914.868,500
2531.78,500
2698.728,500
2597.39,500
2766.018,500
2690.342,500
2701.598,500
2624.42,500
2598.44,500
2648.014,500
2620.502,500
2626.304,500
2608.17,500
2494.432,500
2464.436,500
2542.916,500
2649.23,500
2786.518,500
2725.564,500
2473.524,500
2824.224,500
2579.536,500
2513.992,500
2585.672,500
2654.106,500
2424.432,500
2560.066,500
2674.512,500
2665.506,500
2618.012,500
2596.4,500
2668.322,500
2493.03,500
2664.752,500
2543.994,500
2587.364,500
2687.164,500
2637.34,500
2630.996,500
2727.26,500
2488.89,500
2612.968,500
2696.332,500
2574.52,500
2648.644,500
2710.696,500
2549.296,500
2681.552,500
2579.48,500
2680.086,500
2601.416,500
2624.074,500
2684.492,500
2543.396,500
2612.714,500
2550.7,500
2703.942,500
2693.368,500
2518.106,500
2721.884,500
2550.904,500
2616.198,500
2768.356,500
2565.184,500
2793.772,500
2568.492,500
2573.97,500
2609.026,500
2557.334,500
2668.782,500
2647.142,500
2558.202,500
2572.412,500
2606.726,500
2575.58,500
2558.818,500
2512.11,500
2618.922,500
2603.578,500
2928.072,500
2620.15,500
2646.23,500
2631.672,500
2510.572,500
2640.908,500
2681.468,500
2685.872,500
2711.72,500
2792.842,500
2676.52,500
2486.672,500
2629.18,500
2579.704,500
2643.12,500
2549.214,500
2534.844,500
2491.58,500
2672.276,500
2489.21,500
2610.622,500
2520.434,500
2536.528,500
2606.596,500
2704.124,500
2660.79,500
2553.784,500
2477.474,500
2622.918,500
2481.682,500
2489.384,500
2641.958,500
2564.568,500
2532.848,500
2592.086,500
2556.076,500
2610.35,500
2525.558,500
2746.496,500
2646.068,500
2585.576,500
2593.732,500
2569.516,500
2780.654,500
2513.308,500
2733.076,500
2506.586,500
2584.96,500
2524.672,500
2602.862,500
2649.914,500
2554.974,500
2628.884,500
2616.916,500
2620.298,500
2725.862,500
2603.576,500
2578.148,500
2666.926,500
2587.49,500
2485.914,500
2531.064,500
2706.048,500
2653.884,500
2859.038,500
2460.358,500
2592.704,500
2722.356,500
2466.314,500
2699.742,500
2705.804,500
2632.4,500
2616.588,500
2705.004,500
2553.268,500
2669.288,500
2512.056,500
2389.512,500
2636.37,500
2696.696,500
2621.18,500
2670.33,500
2574.746,500
2583.466,500
2565.57,500
2626.242,500
2684.372,500
2699.51,500
2485.398,500
2640.942,500
2685.466,500
2704.422,500
2692.8,500
2558.592,500
2488.958,500
2637.08,500
2663.808,500
2790.162,500
2593.448,500
2423.148,500
2838.37,500
2605.368,500
2430.258,500
2643.916,500
2739.712,500
2547.22,500
2863.922,500
2654.984,500
2492.828,500
2444.802,500
2441.638,500
2737.486,500
2679.47,500
2587.242,500
2534.098,500
2621.24,500
2689.018,500
2532.066,500
2660.99,500
2579.43,500
2772.53,500
2622.956,500
2651.698,500
2552.076,500
2712.036,500
2571.27,500
2681.604,500
2579.658,500
2628.392,500
2537.836,500
2687.506,500
2489.488,500
2724.08,500
2537.152,500
2558.34,500
2962.046,500
2695.966,500
2630.094,500
2561.606,500
2491.274,500
2759.484,500
2644.872,500
2691.1,500
2621.824,500
2822.262,500
2538.332,500
2703.062,500
2556.822,500
2739.252,500
2799.074,500
2454.748,500
2727.78,500
2637.308,500
2525.876,500
2800.386,500
2554.148,500
2630.962,500
2515.692,500
2468.518,500
2591.788,500
2594.926,500
2658.298,500
2657.152,500
2569.378,500
2707.794,500
2690.71,500
2543.992,500
2634.324,500
2638.24,500
2584.222,500
2572.676,500
2591.474,500
2580.606,500
2501.756,500
2618.706,500
2623.916,500
2782.918,500
2599.048,500
2523.406,500
2727.402,500
2601.548,500
2453.94,500
2457.458,500
2866.606,500
2630.596,500
2590.464,500
2525.126,500
2811.538,500
2718.674,500
2392.056,500
2661.434,500
2510.4,500
2700.286,500
2629.104,500
2580.554,500
2625.028,500
2583.662,500
2609.984,500
2652.09,500
2655.886,500
2566.282,500
2704.348,500
2609.12,500
2587.884,500
2607.758,500
2584.112,500
2577.42,500
2659.982,500
2511.798,500
2648.472,500
2574.5,500
2586.902,500
2608.398,500
2496.67,500
2653.518,500
2565.086,500
2547.326,500
2571.322,500
2601.822,500
2735.386,500
2552.088,500
2655.954,500
2583.402,500
2815.226,500
2574.824,500
2785.114,500
2516.466,500
2618.278,500
2536.184,500
2608.64,500
2783.848,500
2494.436,500
2593.11,500
2852.536,500
2710.884,500
2680.182,500
2785.998,500
2496.584,500
2725.896,500
2639.374,500
2695.196,500
2679.234,500
2677.348,500
2626.886,500
2532.094,500
2538.782,500
2662.946,500
2713.062,500
2543.588,500
2627.036,500
2654.226,500
2515.054,500
2776.798,500
2653.254,500
2538.878,500
2641.102,500
2603.906,500
2559.138,500
2611.36,500
2610.886,500
2589.666,500
2607.356,500
2735.206,500
2690.064,500
2641.618,500
2711.264,500
2497.192,500
2610.496,500
2634.668,500
2600.962,500
2580.202,500
2688.354,500
2599.14,500
2845.064,500
2566.834,500
2587.61,500
2480.236,500
2576.756,500
2731.196,500
2620.44,500
2510.858,500
2429.612,500
2540.192,500
2528.524,500
2575.472,500
2880.502,500
2614.942,500
2669.82,500
2479.862,500
2529.048,500
2543.874,500
2521.678,500
2695.034,500
2586.196,500
2579.998,500
2684.586,500
2504.328,500
2607.716,500
2511.888,500
2680.866,500
2598.714,500
2574.374,500
2553.646,500
2631.69,500
2571.544,500
2650.888,500
2577.898,500
2577.764,500
2620.244,500
2638.556,500
2543.668,500
2665.254,500
2437.278,500
2508.844,500
2665.516,500
2591.298,500
2545.918,500
2690.14,500
2463.918,500
2659.414,500
2535.216,500
2661.596,500
2517.054,500
2546.586,500
2673.228,500
2582.196,500
2455.28,500
2635.928,500
2616.938,500
2654.362,500
2774.91,500
2569.6,500
2752.544,500
2602.042,500
2539.36,500
2694.022,500
2748.96,500
2565.198,500
2819.956,500
2698.754,500
2712.808,500
2666.032,500
2737.578,500
2597.678,500
2567.398,500
2635.448,500
2616.574,500
2452.206,500
2626.364,500
2665.8,500
2423.378,500
2603.01,500
2567.756,500
2544.864,500
2509.18,500
2590.08,500
2533.112,500
2664.018,500
2610.894,500
2489.454,500
2838.344,500
2582.054,500
2597.432,500
2631.86,500
2490.282,500
2565.104,500
2624.958,500
2704.338,500
2656.462,500
2758.074,500
2603.052,500
2705.246,500
2754.302,500
2566.478,500
2610.632,500
2561.432,500
2590.774,500
2623.896,500
2584.386,500
2526.756,500
2535.588,500
2658.948,500
2699.41,500
2575.798,500
2593.754,500
2585.826,500
2583.424,500
2530.514,500
2423.394,500
2635.128,500
2581.302,500
2932.628,500
2565.276,500
2617.374,500
2482.572,500
2721.284,500
2617.184,500
2523.308,500
2618.284,500
2489.2,500
2643.65,500
2566.04,500
2757.398,500
2698.438,500
2544.614,500
2664,500
2560.892,500
2624.65,500
2639.646,500
2491.682,500
2561.61,500
2572.788,500
2605.598,500
2646.894,500
2528.748,500
2723.62,500
2544.14,500
2610.394,500
2606.486,500
2713.624,500
2664.008,500
2618.908,500
2688.314,500
2538.246,500
2605.988,500
2632.956,500
2652.388,500
2503.098,500
2684.924,500
2638.482,500
2770.49,500
2703.536,500
2630.31,500
2611.542,500
2671.89,500
2561.018,500
2752.018,500
2693.7,500
2732.47,500
2757.232,500
2769.198,500
2647.658,500
2636.806,500
2849.246,500
2579.982,500
2575.114,500
2528.642,500
2649.604,500
2663.858,500
2686.212,500
2609.66,500
2606.442,500
2674.13,500
2668.914,500
2536.706,500
2592.29,500
2426.282,500
2646.906,500
2637.354,500
2629.89,500
2660.41,500
2483.756,500
2533.21,500
2529.806,500
2565.486,500
2434.72,500
2521.948,500
2687.246,500
2627.378,500
2883.016,500
2616.716,500
2614.256,500
2690.024,500
2609.628,500
2512.222,500
2853.256,500
2639.826,500
2760.834,500
2481.496,500
2470.17,500
2622,500
2575.732,500
2626.852,500
2664.542,500
3039.554,500
2599.08,500
2671.184,500
2648.69,500
2419.484,500
2659.878,500
2646.874,500
2592.044,500
2780.95,500
2519.202,500
2550.376,500
2631.03,500
2659.882,500
2778.106,500
2561.39,500
2662.118,500
2509.854,500
2660.422,500
2734.744,500
2555.876,500
2756.834,500
2742.644,500
2625.694,500
2738.382,500
2624.978,500
2707.712,500
2640.854,500
2617.772,500
2517.508,500
2626.354,500
2690.23,500
2491.624,500
2550.178,500
2710.988,500
2699.862,500
2438.782,500
2557.916,500
2588.066,500
2564.142,500
2427.1,500
2627.844,500
2493.648,500
2651.95,500
2477.106,500
2566.236,500
2751.716,500
2592.432,500
2624.09,500
2577.168,500
2539.002,500
2593.714,500
2641.556,500
2625.032,500
2765.126,500
2763.026,500
2509.246,500
2555.408,500
2776.996,500
2669.752,500
2472.066,500
2869.508,500
2674.226,500
2547.534,500
2592.398,500
2545.872,500
2594.254,500
2645.372,500
2617.16,500
2682.738,500
2630.336,500
2724.274,500
2593.096,500
2675.034,500
2537.316,500
2545.714,500
2465.02,500
2692.576,500
2724.546,500
2620.52,500
2772.996,500
2689.188,500
2637.54,500
2576.908,500
2765.578,500
2678.926,500
2680.392,500
2536.754,500
2673.18,500
2522.244,500
2529.826,500
2670.278,500
2673.43,500
2642.698,500
2517.584,500
2603.07,500
2865.888,500
2761.104,500
2549.144,500
2787.168,500
2539.764,500
2753.584,500
2564.054,500
2613.228,500
2756.744,500
2580.006,500
2638.214,500
3042.648,500
2523.56,500
2679.532,500
2619.83,500
2664.262,500
2591.17,500
2736.948,500
2610.288,500
2600.806,500
2699.878,500
2517.834,500
2627.92,500
2453.732,500
2726.102,500
2592.848,500
2635.842,500
2551.448,500
2647.214,500
2647.456,500
2506.716,500
2738.558,500
2641.976,500
2722.086,500
2726.912,500
2557.578,500
2586.254,500
2524.596,500
2504.544,500
2632.486,500
2650.036,500
2616.142,500
2651.168,500
2709.072,500
2553.668,500
2570.432,500
2492.03,500
2508.832,500
2700.02,500
2648.098,500
2514.65,500
2646.106,500
2643.336,500
2754.554,500
2621.71,500
2740.586,500
2691.522,500
2693.13,500
2485.8,500
2547.98,500
2468.992,500
2603.254,500
2468.806,500
2486.56,500
2596.752,500
2706.428,500
2778.324,500
2623.184,500
2707.378,500
2622.278,500
2607.482,500
2690.31,500
2573.418,500
2762.91,500
2659.268,500
2601.33,500
2589.346,500
2518.414,500
2624.212,500
2635.25,500
2682.216,500
2709.07,500
2586.418,500
2556.99,500
2604.95,500
2698.622,500
2578.98,500
2619.536,500
2595.744,500
2611.1,500
2546.464,500
2523.33,500
2740.324,500
2717.296,500
2690.046,500
2670.674,500
2707.236,500
2699.986,500
2740.454,500
2562.838,500
2596.714,500
2811.266,500
2731.692,500
2611.262,500
2491.214,500
2584.422,500
2546.854,500
2605.862,500
2551.424,500
2604.638,500
2688.628,500
2616.616,500
2599.054,500
2442.562,500
2586.826,500
2561.312,500
2682.02,500
2671.242,500
2687.17,500
2589.858,500
2538.698,500
2447.37,500
2535.548,500
2606.028,500
2712.11,500
2861.264,500
2596.89,500
2555.118,500
2617.452,500
2677.992,500
2581.44,500
2646.196,500
2606.992,500
2500.096,500
2616.472,500
2524.272,500
2765.192,500
2621.638,500
2665.874,500
2673.754,500
2688.792,500
2576.802,500
2500.238,500
2486.658,500
2593.338,500
2611.378,500
2604.89,500
2623.212,500
2601.412,500
2569.138,500
2657.828,500
2605.48,500
2799.336,500
2586.67,500
2482.278,500
2437.816,500
2577.024,500
2552.936,500
2707.696,500
2537.976,500
2717.014,500
2547.914,500
2594.106,500
2754.624,500
2492.108,500
2718.186,500
2818.614,500
2678.966,500
2712.948,500
2535.732,500
2648.596,500
2583.844,500
2529.364,500
2700.234,500
2568.958,500
2674.032,500
2604.024,500
2586.378,500
2588.352,500
2608.37,500
2586.526,500
2539.096,500
2530.016,500
2646.27,500
2690.822,500
2661.62,500
2498.112,500
2624.872,500
2646.676,500
2610.208,500
2754.308,500
2551.572,500
2747.88,500
2466.754,500
2582.924,500
2627.37,500
2658.272,500
2619.176,500
2630.77,500
2720.448,500
2451.94,500
2661.616,500
2630.478,500
2574.756,500
2591.55,500
2735.23,500
2680.42,500
2685.998,500
2707.158,500
2659.93,500
2566.192,500
2616.424,500
2615.136,500
2690.97,500
2701.322,500
2739.378,500
2555.228,500
2815.9,500
2512.27,500
2704.586,500
2757.004,500
2684.468,500
2565.738,500
2489.846,500
